index,start_time,event,empty_subdir,exists,file_count,path,status,error
15,2013-02-17 15:45:00,20130217_154500_UTC,hmi.Ic_45s,True,0,C:\Learning\PHD2nd\sunspotscar\data\M\20130217_154500_UTC\hmi.Ic_45s,ok,
16,2013-03-15 05:46:00,20130315_054600_UTC,131,True,0,C:\Learning\PHD2nd\sunspotscar\data\M\20130315_054600_UTC\131,ok,
16,2013-03-15 05:46:00,20130315_054600_UTC,211,True,0,C:\Learning\PHD2nd\sunspotscar\data\M\20130315_054600_UTC\211,error,"TypeError(""argument should be a str or an os.PathLike object where __fspath__ returns a str, not 'NoneType'"")"
16,2013-03-15 05:46:00,20130315_054600_UTC,304,True,0,C:\Learning\PHD2nd\sunspotscar\data\M\20130315_054600_UTC\304,ok,
16,2013-03-15 05:46:00,20130315_054600_UTC,hmi.Ic_45s,True,0,C:\Learning\PHD2nd\sunspotscar\data\M\20130315_054600_UTC\hmi.Ic_45s,ok,
17,2013-04-11 06:55:00,20130411_065500_UTC,131,True,0,C:\Learning\PHD2nd\sunspotscar\data\M\20130411_065500_UTC\131,ok,
17,2013-04-11 06:55:00,20130411_065500_UTC,211,True,0,C:\Learning\PHD2nd\sunspotscar\data\M\20130411_065500_UTC\211,ok,
17,2013-04-11 06:55:00,20130411_065500_UTC,304,True,0,C:\Learning\PHD2nd\sunspotscar\data\M\20130411_065500_UTC\304,ok,
17,2013-04-11 06:55:00,20130411_065500_UTC,hmi.Ic_45s,True,0,C:\Learning\PHD2nd\sunspotscar\data\M\20130411_065500_UTC\hmi.Ic_45s,ok,
18,2013-04-22 10:22:00,20130422_102200_UTC,131,True,0,C:\Learning\PHD2nd\sunspotscar\data\M\20130422_102200_UTC\131,ok,
18,2013-04-22 10:22:00,20130422_102200_UTC,211,True,0,C:\Learning\PHD2nd\sunspotscar\data\M\20130422_102200_UTC\211,ok,
18,2013-04-22 10:22:00,20130422_102200_UTC,304,True,0,C:\Learning\PHD2nd\sunspotscar\data\M\20130422_102200_UTC\304,error,"TypeError(""argument should be a str or an os.PathLike object where __fspath__ returns a str, not 'NoneType'"")"
18,2013-04-22 10:22:00,20130422_102200_UTC,hmi.Ic_45s,True,0,C:\Learning\PHD2nd\sunspotscar\data\M\20130422_102200_UTC\hmi.Ic_45s,error,"TypeError(""argument should be a str or an os.PathLike object where __fspath__ returns a str, not 'NoneType'"")"
19,2013-05-02 04:58:00,20130502_045800_UTC,131,True,0,C:\Learning\PHD2nd\sunspotscar\data\M\20130502_045800_UTC\131,error,"TypeError(""argument should be a str or an os.PathLike object where __fspath__ returns a str, not 'NoneType'"")"
19,2013-05-02 04:58:00,20130502_045800_UTC,211,True,0,C:\Learning\PHD2nd\sunspotscar\data\M\20130502_045800_UTC\211,error,"TypeError(""argument should be a str or an os.PathLike object where __fspath__ returns a str, not 'NoneType'"")"
19,2013-05-02 04:58:00,20130502_045800_UTC,304,True,0,C:\Learning\PHD2nd\sunspotscar\data\M\20130502_045800_UTC\304,ok,
26,2013-10-23 20:41:00,20131023_204100_UTC,211,True,0,C:\Learning\PHD2nd\sunspotscar\data\M\20131023_204100_UTC\211,ok,
26,2013-10-23 20:41:00,20131023_204100_UTC,304,True,0,C:\Learning\PHD2nd\sunspotscar\data\M\20131023_204100_UTC\304,error,"TypeError(""argument should be a str or an os.PathLike object where __fspath__ returns a str, not 'NoneType'"")"
26,2013-10-23 20:41:00,20131023_204100_UTC,hmi.Ic_45s,True,0,C:\Learning\PHD2nd\sunspotscar\data\M\20131023_204100_UTC\hmi.Ic_45s,ok,
27,2013-10-23 23:33:00,20131023_233300_UTC,131,True,0,C:\Learning\PHD2nd\sunspotscar\data\M\20131023_233300_UTC\131,ok,
27,2013-10-23 23:33:00,20131023_233300_UTC,211,True,0,C:\Learning\PHD2nd\sunspotscar\data\M\20131023_233300_UTC\211,ok,
27,2013-10-23 23:33:00,20131023_233300_UTC,304,True,0,C:\Learning\PHD2nd\sunspotscar\data\M\20131023_233300_UTC\304,ok,
27,2013-10-23 23:33:00,20131023_233300_UTC,hmi.Ic_45s,True,0,C:\Learning\PHD2nd\sunspotscar\data\M\20131023_233300_UTC\hmi.Ic_45s,ok,
28,2013-10-23 23:58:00,20131023_235800_UTC,131,True,0,C:\Learning\PHD2nd\sunspotscar\data\M\20131023_235800_UTC\131,ok,
28,2013-10-23 23:58:00,20131023_235800_UTC,211,True,0,C:\Learning\PHD2nd\sunspotscar\data\M\20131023_235800_UTC\211,ok,
28,2013-10-23 23:58:00,20131023_235800_UTC,304,True,0,C:\Learning\PHD2nd\sunspotscar\data\M\20131023_235800_UTC\304,ok,
28,2013-10-23 23:58:00,20131023_235800_UTC,hmi.Ic_45s,True,0,C:\Learning\PHD2nd\sunspotscar\data\M\20131023_235800_UTC\hmi.Ic_45s,error,<HTTPError 502: 'Failed to open URL: http://jsoc.stanford.edu/cgi-bin/ajax/jsoc_fetch?op=exp_status&requestid=JSOC_20260611_012103 with 502 - Bad Gateway'>
29,2013-10-24 00:21:00,20131024_002100_UTC,131,True,0,C:\Learning\PHD2nd\sunspotscar\data\M\20131024_002100_UTC\131,error,DrmsExportError('User 652024260007@smail.nju.edu.cn has 1 pending export requests (JSOC_20260611_012103); please wait until at least one request has completed before submitting a new one. [status=7]')
29,2013-10-24 00:21:00,20131024_002100_UTC,211,True,0,C:\Learning\PHD2nd\sunspotscar\data\M\20131024_002100_UTC\211,error,DrmsExportError('User 652024260007@smail.nju.edu.cn has 1 pending export requests (JSOC_20260611_012103); please wait until at least one request has completed before submitting a new one. [status=7]')
29,2013-10-24 00:21:00,20131024_002100_UTC,304,True,0,C:\Learning\PHD2nd\sunspotscar\data\M\20131024_002100_UTC\304,error,DrmsExportError('User 652024260007@smail.nju.edu.cn has 1 pending export requests (JSOC_20260611_012103); please wait until at least one request has completed before submitting a new one. [status=7]')
29,2013-10-24 00:21:00,20131024_002100_UTC,hmi.Ic_45s,True,0,C:\Learning\PHD2nd\sunspotscar\data\M\20131024_002100_UTC\hmi.Ic_45s,error,DrmsExportError('User 652024260007@smail.nju.edu.cn has 1 pending export requests (JSOC_20260611_012103); please wait until at least one request has completed before submitting a new one. [status=7]')
30,2013-10-24 09:59:00,20131024_095900_UTC,131,True,0,C:\Learning\PHD2nd\sunspotscar\data\M\20131024_095900_UTC\131,error,DrmsExportError('User 652024260007@smail.nju.edu.cn has 1 pending export requests (JSOC_20260611_012103); please wait until at least one request has completed before submitting a new one. [status=7]')
30,2013-10-24 09:59:00,20131024_095900_UTC,211,True,0,C:\Learning\PHD2nd\sunspotscar\data\M\20131024_095900_UTC\211,error,DrmsExportError('User 652024260007@smail.nju.edu.cn has 1 pending export requests (JSOC_20260611_012103); please wait until at least one request has completed before submitting a new one. [status=7]')
30,2013-10-24 09:59:00,20131024_095900_UTC,304,True,0,C:\Learning\PHD2nd\sunspotscar\data\M\20131024_095900_UTC\304,error,DrmsExportError('User 652024260007@smail.nju.edu.cn has 1 pending export requests (JSOC_20260611_012103); please wait until at least one request has completed before submitting a new one. [status=7]')
30,2013-10-24 09:59:00,20131024_095900_UTC,hmi.Ic_45s,True,0,C:\Learning\PHD2nd\sunspotscar\data\M\20131024_095900_UTC\hmi.Ic_45s,error,DrmsExportError('User 652024260007@smail.nju.edu.cn has 1 pending export requests (JSOC_20260611_012103); please wait until at least one request has completed before submitting a new one. [status=7]')
31,2013-10-24 10:30:00,20131024_103000_UTC,131,True,0,C:\Learning\PHD2nd\sunspotscar\data\M\20131024_103000_UTC\131,error,DrmsExportError('User 652024260007@smail.nju.edu.cn has 1 pending export requests (JSOC_20260611_012103); please wait until at least one request has completed before submitting a new one. [status=7]')
31,2013-10-24 10:30:00,20131024_103000_UTC,211,True,0,C:\Learning\PHD2nd\sunspotscar\data\M\20131024_103000_UTC\211,error,DrmsExportError('User 652024260007@smail.nju.edu.cn has 1 pending export requests (JSOC_20260611_012103); please wait until at least one request has completed before submitting a new one. [status=7]')
31,2013-10-24 10:30:00,20131024_103000_UTC,304,True,0,C:\Learning\PHD2nd\sunspotscar\data\M\20131024_103000_UTC\304,error,DrmsExportError('User 652024260007@smail.nju.edu.cn has 1 pending export requests (JSOC_20260611_012103); please wait until at least one request has completed before submitting a new one. [status=7]')
31,2013-10-24 10:30:00,20131024_103000_UTC,hmi.Ic_45s,True,0,C:\Learning\PHD2nd\sunspotscar\data\M\20131024_103000_UTC\hmi.Ic_45s,error,DrmsExportError('User 652024260007@smail.nju.edu.cn has 1 pending export requests (JSOC_20260611_012103); please wait until at least one request has completed before submitting a new one. [status=7]')
32,2013-10-28 14:46:00,20131028_144600_UTC,131,True,0,C:\Learning\PHD2nd\sunspotscar\data\M\20131028_144600_UTC\131,error,DrmsExportError('User 652024260007@smail.nju.edu.cn has 1 pending export requests (JSOC_20260611_012103); please wait until at least one request has completed before submitting a new one. [status=7]')
32,2013-10-28 14:46:00,20131028_144600_UTC,211,True,0,C:\Learning\PHD2nd\sunspotscar\data\M\20131028_144600_UTC\211,error,DrmsExportError('User 652024260007@smail.nju.edu.cn has 1 pending export requests (JSOC_20260611_012103); please wait until at least one request has completed before submitting a new one. [status=7]')
32,2013-10-28 14:46:00,20131028_144600_UTC,304,True,0,C:\Learning\PHD2nd\sunspotscar\data\M\20131028_144600_UTC\304,error,DrmsExportError('User 652024260007@smail.nju.edu.cn has 1 pending export requests (JSOC_20260611_012103); please wait until at least one request has completed before submitting a new one. [status=7]')
32,2013-10-28 14:46:00,20131028_144600_UTC,hmi.Ic_45s,True,0,C:\Learning\PHD2nd\sunspotscar\data\M\20131028_144600_UTC\hmi.Ic_45s,error,DrmsExportError('User 652024260007@smail.nju.edu.cn has 1 pending export requests (JSOC_20260611_012103); please wait until at least one request has completed before submitting a new one. [status=7]')
33,2013-10-28 15:07:00,20131028_150700_UTC,131,True,0,C:\Learning\PHD2nd\sunspotscar\data\M\20131028_150700_UTC\131,error,DrmsExportError('User 652024260007@smail.nju.edu.cn has 1 pending export requests (JSOC_20260611_012103); please wait until at least one request has completed before submitting a new one. [status=7]')
33,2013-10-28 15:07:00,20131028_150700_UTC,211,True,0,C:\Learning\PHD2nd\sunspotscar\data\M\20131028_150700_UTC\211,error,DrmsExportError('User 652024260007@smail.nju.edu.cn has 1 pending export requests (JSOC_20260611_012103); please wait until at least one request has completed before submitting a new one. [status=7]')
33,2013-10-28 15:07:00,20131028_150700_UTC,304,True,0,C:\Learning\PHD2nd\sunspotscar\data\M\20131028_150700_UTC\304,error,DrmsExportError('User 652024260007@smail.nju.edu.cn has 1 pending export requests (JSOC_20260611_012103); please wait until at least one request has completed before submitting a new one. [status=7]')
33,2013-10-28 15:07:00,20131028_150700_UTC,hmi.Ic_45s,True,0,C:\Learning\PHD2nd\sunspotscar\data\M\20131028_150700_UTC\hmi.Ic_45s,ok,
34,2013-11-01 19:46:00,20131101_194600_UTC,131,True,0,C:\Learning\PHD2nd\sunspotscar\data\M\20131101_194600_UTC\131,ok,
34,2013-11-01 19:46:00,20131101_194600_UTC,211,True,0,C:\Learning\PHD2nd\sunspotscar\data\M\20131101_194600_UTC\211,ok,
34,2013-11-01 19:46:00,20131101_194600_UTC,304,True,0,C:\Learning\PHD2nd\sunspotscar\data\M\20131101_194600_UTC\304,ok,
34,2013-11-01 19:46:00,20131101_194600_UTC,hmi.Ic_45s,True,0,C:\Learning\PHD2nd\sunspotscar\data\M\20131101_194600_UTC\hmi.Ic_45s,ok,
35,2013-11-02 22:13:00,20131102_221300_UTC,131,True,0,C:\Learning\PHD2nd\sunspotscar\data\M\20131102_221300_UTC\131,ok,
35,2013-11-02 22:13:00,20131102_221300_UTC,211,True,0,C:\Learning\PHD2nd\sunspotscar\data\M\20131102_221300_UTC\211,ok,
35,2013-11-02 22:13:00,20131102_221300_UTC,304,True,0,C:\Learning\PHD2nd\sunspotscar\data\M\20131102_221300_UTC\304,ok,
35,2013-11-02 22:13:00,20131102_221300_UTC,hmi.Ic_45s,True,0,C:\Learning\PHD2nd\sunspotscar\data\M\20131102_221300_UTC\hmi.Ic_45s,ok,
36,2013-11-03 05:16:00,20131103_051600_UTC,131,True,0,C:\Learning\PHD2nd\sunspotscar\data\M\20131103_051600_UTC\131,ok,
36,2013-11-03 05:16:00,20131103_051600_UTC,211,True,0,C:\Learning\PHD2nd\sunspotscar\data\M\20131103_051600_UTC\211,ok,
36,2013-11-03 05:16:00,20131103_051600_UTC,304,True,0,C:\Learning\PHD2nd\sunspotscar\data\M\20131103_051600_UTC\304,ok,
36,2013-11-03 05:16:00,20131103_051600_UTC,hmi.Ic_45s,True,0,C:\Learning\PHD2nd\sunspotscar\data\M\20131103_051600_UTC\hmi.Ic_45s,error,"SSLError(1, '[SSL: DECRYPTION_FAILED_OR_BAD_RECORD_MAC] decryption failed or bad record mac (_ssl.c:2580)')"
37,2013-11-06 13:39:00,20131106_133900_UTC,131,True,0,C:\Learning\PHD2nd\sunspotscar\data\M\20131106_133900_UTC\131,ok,
37,2013-11-06 13:39:00,20131106_133900_UTC,211,True,0,C:\Learning\PHD2nd\sunspotscar\data\M\20131106_133900_UTC\211,ok,
37,2013-11-06 13:39:00,20131106_133900_UTC,304,True,0,C:\Learning\PHD2nd\sunspotscar\data\M\20131106_133900_UTC\304,ok,
37,2013-11-06 13:39:00,20131106_133900_UTC,hmi.Ic_45s,True,0,C:\Learning\PHD2nd\sunspotscar\data\M\20131106_133900_UTC\hmi.Ic_45s,ok,
38,2013-11-07 03:34:00,20131107_033400_UTC,131,True,0,C:\Learning\PHD2nd\sunspotscar\data\M\20131107_033400_UTC\131,ok,
38,2013-11-07 03:34:00,20131107_033400_UTC,211,True,0,C:\Learning\PHD2nd\sunspotscar\data\M\20131107_033400_UTC\211,ok,
38,2013-11-07 03:34:00,20131107_033400_UTC,304,True,0,C:\Learning\PHD2nd\sunspotscar\data\M\20131107_033400_UTC\304,ok,
38,2013-11-07 03:34:00,20131107_033400_UTC,hmi.Ic_45s,True,0,C:\Learning\PHD2nd\sunspotscar\data\M\20131107_033400_UTC\hmi.Ic_45s,ok,
39,2013-11-07 14:15:00,20131107_141500_UTC,131,True,0,C:\Learning\PHD2nd\sunspotscar\data\M\20131107_141500_UTC\131,ok,
39,2013-11-07 14:15:00,20131107_141500_UTC,211,True,0,C:\Learning\PHD2nd\sunspotscar\data\M\20131107_141500_UTC\211,ok,
39,2013-11-07 14:15:00,20131107_141500_UTC,304,True,0,C:\Learning\PHD2nd\sunspotscar\data\M\20131107_141500_UTC\304,error,"TypeError(""argument should be a str or an os.PathLike object where __fspath__ returns a str, not 'NoneType'"")"
39,2013-11-07 14:15:00,20131107_141500_UTC,hmi.Ic_45s,True,0,C:\Learning\PHD2nd\sunspotscar\data\M\20131107_141500_UTC\hmi.Ic_45s,ok,
40,2013-12-29 07:49:00,20131229_074900_UTC,131,True,0,C:\Learning\PHD2nd\sunspotscar\data\M\20131229_074900_UTC\131,ok,
40,2013-12-29 07:49:00,20131229_074900_UTC,211,True,0,C:\Learning\PHD2nd\sunspotscar\data\M\20131229_074900_UTC\211,ok,
40,2013-12-29 07:49:00,20131229_074900_UTC,304,True,0,C:\Learning\PHD2nd\sunspotscar\data\M\20131229_074900_UTC\304,ok,
40,2013-12-29 07:49:00,20131229_074900_UTC,hmi.Ic_45s,True,0,C:\Learning\PHD2nd\sunspotscar\data\M\20131229_074900_UTC\hmi.Ic_45s,error,TimeoutError('The read operation timed out')
41,2014-01-07 03:49:00,20140107_034900_UTC,131,True,0,C:\Learning\PHD2nd\sunspotscar\data\M\20140107_034900_UTC\131,error,"TypeError(""argument should be a str or an os.PathLike object where __fspath__ returns a str, not 'NoneType'"")"
41,2014-01-07 03:49:00,20140107_034900_UTC,211,True,0,C:\Learning\PHD2nd\sunspotscar\data\M\20140107_034900_UTC\211,ok,
41,2014-01-07 03:49:00,20140107_034900_UTC,304,True,0,C:\Learning\PHD2nd\sunspotscar\data\M\20140107_034900_UTC\304,ok,
41,2014-01-07 03:49:00,20140107_034900_UTC,hmi.Ic_45s,True,0,C:\Learning\PHD2nd\sunspotscar\data\M\20140107_034900_UTC\hmi.Ic_45s,ok,
42,2014-01-07 10:07:00,20140107_100700_UTC,131,True,0,C:\Learning\PHD2nd\sunspotscar\data\M\20140107_100700_UTC\131,ok,
42,2014-01-07 10:07:00,20140107_100700_UTC,211,True,0,C:\Learning\PHD2nd\sunspotscar\data\M\20140107_100700_UTC\211,ok,
42,2014-01-07 10:07:00,20140107_100700_UTC,304,True,0,C:\Learning\PHD2nd\sunspotscar\data\M\20140107_100700_UTC\304,ok,
42,2014-01-07 10:07:00,20140107_100700_UTC,hmi.Ic_45s,True,0,C:\Learning\PHD2nd\sunspotscar\data\M\20140107_100700_UTC\hmi.Ic_45s,ok,
43,2014-02-01 01:19:00,20140201_011900_UTC,131,True,0,C:\Learning\PHD2nd\sunspotscar\data\M\20140201_011900_UTC\131,ok,
43,2014-02-01 01:19:00,20140201_011900_UTC,211,True,0,C:\Learning\PHD2nd\sunspotscar\data\M\20140201_011900_UTC\211,ok,
43,2014-02-01 01:19:00,20140201_011900_UTC,304,True,0,C:\Learning\PHD2nd\sunspotscar\data\M\20140201_011900_UTC\304,ok,
43,2014-02-01 01:19:00,20140201_011900_UTC,hmi.Ic_45s,True,0,C:\Learning\PHD2nd\sunspotscar\data\M\20140201_011900_UTC\hmi.Ic_45s,ok,
44,2014-02-01 07:14:00,20140201_071400_UTC,131,True,0,C:\Learning\PHD2nd\sunspotscar\data\M\20140201_071400_UTC\131,error,TimeoutError('The read operation timed out')
44,2014-02-01 07:14:00,20140201_071400_UTC,211,True,0,C:\Learning\PHD2nd\sunspotscar\data\M\20140201_071400_UTC\211,error,<HTTPError 502: 'Failed to open URL: http://jsoc.stanford.edu/cgi-bin/ajax/jsoc_fetch?op=exp_request&format=json&ds=aia.lev1_euv_12s%5B2014.02.01_06%3A44%3A35_TAI-2014.02.01_07%3A24%3A35_TAI%4036s%5D%5B211%5D%7Bimage%7D&notify=652024260007%40smail.nju.edu.cn&method=url&protocol=fits&filenamefmt=aia.lev1_euv_12s.%7BT_REC%3AA%7D.%7BWAVELNTH%7D.%7Bsegment%7D&process%3Dn=0&requester=652024260007 with 502 - Bad Gateway'>
44,2014-02-01 07:14:00,20140201_071400_UTC,304,True,0,C:\Learning\PHD2nd\sunspotscar\data\M\20140201_071400_UTC\304,error,<HTTPError 502: 'Failed to open URL: http://jsoc.stanford.edu/cgi-bin/ajax/jsoc_fetch?op=exp_request&format=json&ds=aia.lev1_euv_12s%5B2014.02.01_06%3A44%3A35_TAI-2014.02.01_07%3A24%3A35_TAI%4036s%5D%5B304%5D%7Bimage%7D&notify=652024260007%40smail.nju.edu.cn&method=url&protocol=fits&filenamefmt=aia.lev1_euv_12s.%7BT_REC%3AA%7D.%7BWAVELNTH%7D.%7Bsegment%7D&process%3Dn=0&requester=652024260007 with 502 - Bad Gateway'>
44,2014-02-01 07:14:00,20140201_071400_UTC,hmi.Ic_45s,True,0,C:\Learning\PHD2nd\sunspotscar\data\M\20140201_071400_UTC\hmi.Ic_45s,error,<HTTPError 502: 'Failed to open URL: http://jsoc.stanford.edu/cgi-bin/ajax/jsoc_fetch?op=exp_request&format=json&ds=hmi.Ic_45s%5B2014.02.01_06%3A44%3A35_TAI-2014.02.01_07%3A24%3A35_TAI%5D%7Bcontinuum%7D&notify=652024260007%40smail.nju.edu.cn&method=url&protocol=fits&filenamefmt=hmi.ic_45s.%7BT_REC%3AA%7D.%7BCAMERA%7D.%7Bsegment%7D&process%3Dn=0&requester=652024260007 with 502 - Bad Gateway'>
45,2014-02-02 06:24:00,20140202_062400_UTC,131,True,0,C:\Learning\PHD2nd\sunspotscar\data\M\20140202_062400_UTC\131,error,<HTTPError 502: 'Failed to open URL: http://jsoc.stanford.edu/cgi-bin/ajax/jsoc_fetch?op=exp_request&format=json&ds=aia.lev1_euv_12s%5B2014.02.02_05%3A54%3A35_TAI-2014.02.02_06%3A34%3A35_TAI%4036s%5D%5B131%5D%7Bimage%7D&notify=652024260007%40smail.nju.edu.cn&method=url&protocol=fits&filenamefmt=aia.lev1_euv_12s.%7BT_REC%3AA%7D.%7BWAVELNTH%7D.%7Bsegment%7D&process%3Dn=0&requester=652024260007 with 502 - Bad Gateway'>
45,2014-02-02 06:24:00,20140202_062400_UTC,211,True,0,C:\Learning\PHD2nd\sunspotscar\data\M\20140202_062400_UTC\211,error,<HTTPError 502: 'Failed to open URL: http://jsoc.stanford.edu/cgi-bin/ajax/jsoc_fetch?op=exp_request&format=json&ds=aia.lev1_euv_12s%5B2014.02.02_05%3A54%3A35_TAI-2014.02.02_06%3A34%3A35_TAI%4036s%5D%5B211%5D%7Bimage%7D&notify=652024260007%40smail.nju.edu.cn&method=url&protocol=fits&filenamefmt=aia.lev1_euv_12s.%7BT_REC%3AA%7D.%7BWAVELNTH%7D.%7Bsegment%7D&process%3Dn=0&requester=652024260007 with 502 - Bad Gateway'>
45,2014-02-02 06:24:00,20140202_062400_UTC,304,True,0,C:\Learning\PHD2nd\sunspotscar\data\M\20140202_062400_UTC\304,error,<HTTPError 502: 'Failed to open URL: http://jsoc.stanford.edu/cgi-bin/ajax/jsoc_fetch?op=exp_request&format=json&ds=aia.lev1_euv_12s%5B2014.02.02_05%3A54%3A35_TAI-2014.02.02_06%3A34%3A35_TAI%4036s%5D%5B304%5D%7Bimage%7D&notify=652024260007%40smail.nju.edu.cn&method=url&protocol=fits&filenamefmt=aia.lev1_euv_12s.%7BT_REC%3AA%7D.%7BWAVELNTH%7D.%7Bsegment%7D&process%3Dn=0&requester=652024260007 with 502 - Bad Gateway'>
45,2014-02-02 06:24:00,20140202_062400_UTC,hmi.Ic_45s,True,0,C:\Learning\PHD2nd\sunspotscar\data\M\20140202_062400_UTC\hmi.Ic_45s,error,<HTTPError 502: 'Failed to open URL: http://jsoc.stanford.edu/cgi-bin/ajax/jsoc_fetch?op=exp_request&format=json&ds=hmi.Ic_45s%5B2014.02.02_05%3A54%3A35_TAI-2014.02.02_06%3A34%3A35_TAI%5D%7Bcontinuum%7D&notify=652024260007%40smail.nju.edu.cn&method=url&protocol=fits&filenamefmt=hmi.ic_45s.%7BT_REC%3AA%7D.%7BCAMERA%7D.%7Bsegment%7D&process%3Dn=0&requester=652024260007 with 502 - Bad Gateway'>
46,2014-02-02 07:17:00,20140202_071700_UTC,131,True,0,C:\Learning\PHD2nd\sunspotscar\data\M\20140202_071700_UTC\131,error,<HTTPError 502: 'Failed to open URL: http://jsoc.stanford.edu/cgi-bin/ajax/jsoc_fetch?op=exp_request&format=json&ds=aia.lev1_euv_12s%5B2014.02.02_06%3A47%3A35_TAI-2014.02.02_07%3A27%3A35_TAI%4036s%5D%5B131%5D%7Bimage%7D&notify=652024260007%40smail.nju.edu.cn&method=url&protocol=fits&filenamefmt=aia.lev1_euv_12s.%7BT_REC%3AA%7D.%7BWAVELNTH%7D.%7Bsegment%7D&process%3Dn=0&requester=652024260007 with 502 - Bad Gateway'>
46,2014-02-02 07:17:00,20140202_071700_UTC,211,True,0,C:\Learning\PHD2nd\sunspotscar\data\M\20140202_071700_UTC\211,error,<HTTPError 502: 'Failed to open URL: http://jsoc.stanford.edu/cgi-bin/ajax/jsoc_fetch?op=exp_request&format=json&ds=aia.lev1_euv_12s%5B2014.02.02_06%3A47%3A35_TAI-2014.02.02_07%3A27%3A35_TAI%4036s%5D%5B211%5D%7Bimage%7D&notify=652024260007%40smail.nju.edu.cn&method=url&protocol=fits&filenamefmt=aia.lev1_euv_12s.%7BT_REC%3AA%7D.%7BWAVELNTH%7D.%7Bsegment%7D&process%3Dn=0&requester=652024260007 with 502 - Bad Gateway'>
46,2014-02-02 07:17:00,20140202_071700_UTC,304,True,0,C:\Learning\PHD2nd\sunspotscar\data\M\20140202_071700_UTC\304,error,<HTTPError 502: 'Failed to open URL: http://jsoc.stanford.edu/cgi-bin/ajax/jsoc_fetch?op=exp_request&format=json&ds=aia.lev1_euv_12s%5B2014.02.02_06%3A47%3A35_TAI-2014.02.02_07%3A27%3A35_TAI%4036s%5D%5B304%5D%7Bimage%7D&notify=652024260007%40smail.nju.edu.cn&method=url&protocol=fits&filenamefmt=aia.lev1_euv_12s.%7BT_REC%3AA%7D.%7BWAVELNTH%7D.%7Bsegment%7D&process%3Dn=0&requester=652024260007 with 502 - Bad Gateway'>
46,2014-02-02 07:17:00,20140202_071700_UTC,hmi.Ic_45s,True,0,C:\Learning\PHD2nd\sunspotscar\data\M\20140202_071700_UTC\hmi.Ic_45s,error,<HTTPError 502: 'Failed to open URL: http://jsoc.stanford.edu/cgi-bin/ajax/jsoc_fetch?op=exp_request&format=json&ds=hmi.Ic_45s%5B2014.02.02_06%3A47%3A35_TAI-2014.02.02_07%3A27%3A35_TAI%5D%7Bcontinuum%7D&notify=652024260007%40smail.nju.edu.cn&method=url&protocol=fits&filenamefmt=hmi.ic_45s.%7BT_REC%3AA%7D.%7BCAMERA%7D.%7Bsegment%7D&process%3Dn=0&requester=652024260007 with 502 - Bad Gateway'>
47,2014-02-02 09:24:00,20140202_092400_UTC,131,True,0,C:\Learning\PHD2nd\sunspotscar\data\M\20140202_092400_UTC\131,error,<HTTPError 502: 'Failed to open URL: http://jsoc.stanford.edu/cgi-bin/ajax/jsoc_fetch?op=exp_request&format=json&ds=aia.lev1_euv_12s%5B2014.02.02_08%3A54%3A35_TAI-2014.02.02_09%3A34%3A35_TAI%4036s%5D%5B131%5D%7Bimage%7D&notify=652024260007%40smail.nju.edu.cn&method=url&protocol=fits&filenamefmt=aia.lev1_euv_12s.%7BT_REC%3AA%7D.%7BWAVELNTH%7D.%7Bsegment%7D&process%3Dn=0&requester=652024260007 with 502 - Bad Gateway'>
47,2014-02-02 09:24:00,20140202_092400_UTC,211,True,0,C:\Learning\PHD2nd\sunspotscar\data\M\20140202_092400_UTC\211,error,<HTTPError 502: 'Failed to open URL: http://jsoc.stanford.edu/cgi-bin/ajax/jsoc_fetch?op=exp_request&format=json&ds=aia.lev1_euv_12s%5B2014.02.02_08%3A54%3A35_TAI-2014.02.02_09%3A34%3A35_TAI%4036s%5D%5B211%5D%7Bimage%7D&notify=652024260007%40smail.nju.edu.cn&method=url&protocol=fits&filenamefmt=aia.lev1_euv_12s.%7BT_REC%3AA%7D.%7BWAVELNTH%7D.%7Bsegment%7D&process%3Dn=0&requester=652024260007 with 502 - Bad Gateway'>
47,2014-02-02 09:24:00,20140202_092400_UTC,304,True,0,C:\Learning\PHD2nd\sunspotscar\data\M\20140202_092400_UTC\304,error,<HTTPError 502: 'Failed to open URL: http://jsoc.stanford.edu/cgi-bin/ajax/jsoc_fetch?op=exp_request&format=json&ds=aia.lev1_euv_12s%5B2014.02.02_08%3A54%3A35_TAI-2014.02.02_09%3A34%3A35_TAI%4036s%5D%5B304%5D%7Bimage%7D&notify=652024260007%40smail.nju.edu.cn&method=url&protocol=fits&filenamefmt=aia.lev1_euv_12s.%7BT_REC%3AA%7D.%7BWAVELNTH%7D.%7Bsegment%7D&process%3Dn=0&requester=652024260007 with 502 - Bad Gateway'>
47,2014-02-02 09:24:00,20140202_092400_UTC,hmi.Ic_45s,True,0,C:\Learning\PHD2nd\sunspotscar\data\M\20140202_092400_UTC\hmi.Ic_45s,error,<HTTPError 502: 'Failed to open URL: http://jsoc.stanford.edu/cgi-bin/ajax/jsoc_fetch?op=exp_request&format=json&ds=hmi.Ic_45s%5B2014.02.02_08%3A54%3A35_TAI-2014.02.02_09%3A34%3A35_TAI%5D%7Bcontinuum%7D&notify=652024260007%40smail.nju.edu.cn&method=url&protocol=fits&filenamefmt=hmi.ic_45s.%7BT_REC%3AA%7D.%7BCAMERA%7D.%7Bsegment%7D&process%3Dn=0&requester=652024260007 with 502 - Bad Gateway'>
48,2014-02-02 14:01:00,20140202_140100_UTC,131,True,0,C:\Learning\PHD2nd\sunspotscar\data\M\20140202_140100_UTC\131,error,<HTTPError 502: 'Failed to open URL: http://jsoc.stanford.edu/cgi-bin/ajax/jsoc_fetch?op=exp_request&format=json&ds=aia.lev1_euv_12s%5B2014.02.02_13%3A31%3A35_TAI-2014.02.02_14%3A11%3A35_TAI%4036s%5D%5B131%5D%7Bimage%7D&notify=652024260007%40smail.nju.edu.cn&method=url&protocol=fits&filenamefmt=aia.lev1_euv_12s.%7BT_REC%3AA%7D.%7BWAVELNTH%7D.%7Bsegment%7D&process%3Dn=0&requester=652024260007 with 502 - Bad Gateway'>
48,2014-02-02 14:01:00,20140202_140100_UTC,211,True,0,C:\Learning\PHD2nd\sunspotscar\data\M\20140202_140100_UTC\211,error,<HTTPError 502: 'Failed to open URL: http://jsoc.stanford.edu/cgi-bin/ajax/jsoc_fetch?op=exp_request&format=json&ds=aia.lev1_euv_12s%5B2014.02.02_13%3A31%3A35_TAI-2014.02.02_14%3A11%3A35_TAI%4036s%5D%5B211%5D%7Bimage%7D&notify=652024260007%40smail.nju.edu.cn&method=url&protocol=fits&filenamefmt=aia.lev1_euv_12s.%7BT_REC%3AA%7D.%7BWAVELNTH%7D.%7Bsegment%7D&process%3Dn=0&requester=652024260007 with 502 - Bad Gateway'>
48,2014-02-02 14:01:00,20140202_140100_UTC,304,True,0,C:\Learning\PHD2nd\sunspotscar\data\M\20140202_140100_UTC\304,error,<HTTPError 502: 'Failed to open URL: http://jsoc.stanford.edu/cgi-bin/ajax/jsoc_fetch?op=exp_request&format=json&ds=aia.lev1_euv_12s%5B2014.02.02_13%3A31%3A35_TAI-2014.02.02_14%3A11%3A35_TAI%4036s%5D%5B304%5D%7Bimage%7D&notify=652024260007%40smail.nju.edu.cn&method=url&protocol=fits&filenamefmt=aia.lev1_euv_12s.%7BT_REC%3AA%7D.%7BWAVELNTH%7D.%7Bsegment%7D&process%3Dn=0&requester=652024260007 with 502 - Bad Gateway'>
48,2014-02-02 14:01:00,20140202_140100_UTC,hmi.Ic_45s,True,0,C:\Learning\PHD2nd\sunspotscar\data\M\20140202_140100_UTC\hmi.Ic_45s,error,<HTTPError 502: 'Failed to open URL: http://jsoc.stanford.edu/cgi-bin/ajax/jsoc_fetch?op=exp_request&format=json&ds=hmi.Ic_45s%5B2014.02.02_13%3A31%3A35_TAI-2014.02.02_14%3A11%3A35_TAI%5D%7Bcontinuum%7D&notify=652024260007%40smail.nju.edu.cn&method=url&protocol=fits&filenamefmt=hmi.ic_45s.%7BT_REC%3AA%7D.%7BCAMERA%7D.%7Bsegment%7D&process%3Dn=0&requester=652024260007 with 502 - Bad Gateway'>
49,2014-02-02 16:24:00,20140202_162400_UTC,131,True,0,C:\Learning\PHD2nd\sunspotscar\data\M\20140202_162400_UTC\131,error,<HTTPError 502: 'Failed to open URL: http://jsoc.stanford.edu/cgi-bin/ajax/jsoc_fetch?op=exp_request&format=json&ds=aia.lev1_euv_12s%5B2014.02.02_15%3A54%3A35_TAI-2014.02.02_16%3A34%3A35_TAI%4036s%5D%5B131%5D%7Bimage%7D&notify=652024260007%40smail.nju.edu.cn&method=url&protocol=fits&filenamefmt=aia.lev1_euv_12s.%7BT_REC%3AA%7D.%7BWAVELNTH%7D.%7Bsegment%7D&process%3Dn=0&requester=652024260007 with 502 - Bad Gateway'>
49,2014-02-02 16:24:00,20140202_162400_UTC,211,True,0,C:\Learning\PHD2nd\sunspotscar\data\M\20140202_162400_UTC\211,error,<HTTPError 502: 'Failed to open URL: http://jsoc.stanford.edu/cgi-bin/ajax/jsoc_fetch?op=exp_request&format=json&ds=aia.lev1_euv_12s%5B2014.02.02_15%3A54%3A35_TAI-2014.02.02_16%3A34%3A35_TAI%4036s%5D%5B211%5D%7Bimage%7D&notify=652024260007%40smail.nju.edu.cn&method=url&protocol=fits&filenamefmt=aia.lev1_euv_12s.%7BT_REC%3AA%7D.%7BWAVELNTH%7D.%7Bsegment%7D&process%3Dn=0&requester=652024260007 with 502 - Bad Gateway'>
49,2014-02-02 16:24:00,20140202_162400_UTC,304,True,0,C:\Learning\PHD2nd\sunspotscar\data\M\20140202_162400_UTC\304,error,<HTTPError 502: 'Failed to open URL: http://jsoc.stanford.edu/cgi-bin/ajax/jsoc_fetch?op=exp_request&format=json&ds=aia.lev1_euv_12s%5B2014.02.02_15%3A54%3A35_TAI-2014.02.02_16%3A34%3A35_TAI%4036s%5D%5B304%5D%7Bimage%7D&notify=652024260007%40smail.nju.edu.cn&method=url&protocol=fits&filenamefmt=aia.lev1_euv_12s.%7BT_REC%3AA%7D.%7BWAVELNTH%7D.%7Bsegment%7D&process%3Dn=0&requester=652024260007 with 502 - Bad Gateway'>
49,2014-02-02 16:24:00,20140202_162400_UTC,hmi.Ic_45s,True,0,C:\Learning\PHD2nd\sunspotscar\data\M\20140202_162400_UTC\hmi.Ic_45s,error,<HTTPError 502: 'Failed to open URL: http://jsoc.stanford.edu/cgi-bin/ajax/jsoc_fetch?op=exp_request&format=json&ds=hmi.Ic_45s%5B2014.02.02_15%3A54%3A35_TAI-2014.02.02_16%3A34%3A35_TAI%5D%7Bcontinuum%7D&notify=652024260007%40smail.nju.edu.cn&method=url&protocol=fits&filenamefmt=hmi.ic_45s.%7BT_REC%3AA%7D.%7BCAMERA%7D.%7Bsegment%7D&process%3Dn=0&requester=652024260007 with 502 - Bad Gateway'>
50,2014-02-02 18:05:00,20140202_180500_UTC,131,True,0,C:\Learning\PHD2nd\sunspotscar\data\M\20140202_180500_UTC\131,error,<HTTPError 502: 'Failed to open URL: http://jsoc.stanford.edu/cgi-bin/ajax/jsoc_fetch?op=exp_request&format=json&ds=aia.lev1_euv_12s%5B2014.02.02_17%3A35%3A35_TAI-2014.02.02_18%3A15%3A35_TAI%4036s%5D%5B131%5D%7Bimage%7D&notify=652024260007%40smail.nju.edu.cn&method=url&protocol=fits&filenamefmt=aia.lev1_euv_12s.%7BT_REC%3AA%7D.%7BWAVELNTH%7D.%7Bsegment%7D&process%3Dn=0&requester=652024260007 with 502 - Bad Gateway'>
50,2014-02-02 18:05:00,20140202_180500_UTC,211,True,0,C:\Learning\PHD2nd\sunspotscar\data\M\20140202_180500_UTC\211,error,<HTTPError 502: 'Failed to open URL: http://jsoc.stanford.edu/cgi-bin/ajax/jsoc_fetch?op=exp_request&format=json&ds=aia.lev1_euv_12s%5B2014.02.02_17%3A35%3A35_TAI-2014.02.02_18%3A15%3A35_TAI%4036s%5D%5B211%5D%7Bimage%7D&notify=652024260007%40smail.nju.edu.cn&method=url&protocol=fits&filenamefmt=aia.lev1_euv_12s.%7BT_REC%3AA%7D.%7BWAVELNTH%7D.%7Bsegment%7D&process%3Dn=0&requester=652024260007 with 502 - Bad Gateway'>
50,2014-02-02 18:05:00,20140202_180500_UTC,304,True,0,C:\Learning\PHD2nd\sunspotscar\data\M\20140202_180500_UTC\304,error,<HTTPError 502: 'Failed to open URL: http://jsoc.stanford.edu/cgi-bin/ajax/jsoc_fetch?op=exp_request&format=json&ds=aia.lev1_euv_12s%5B2014.02.02_17%3A35%3A35_TAI-2014.02.02_18%3A15%3A35_TAI%4036s%5D%5B304%5D%7Bimage%7D&notify=652024260007%40smail.nju.edu.cn&method=url&protocol=fits&filenamefmt=aia.lev1_euv_12s.%7BT_REC%3AA%7D.%7BWAVELNTH%7D.%7Bsegment%7D&process%3Dn=0&requester=652024260007 with 502 - Bad Gateway'>
50,2014-02-02 18:05:00,20140202_180500_UTC,hmi.Ic_45s,True,0,C:\Learning\PHD2nd\sunspotscar\data\M\20140202_180500_UTC\hmi.Ic_45s,error,<HTTPError 502: 'Failed to open URL: http://jsoc.stanford.edu/cgi-bin/ajax/jsoc_fetch?op=exp_request&format=json&ds=hmi.Ic_45s%5B2014.02.02_17%3A35%3A35_TAI-2014.02.02_18%3A15%3A35_TAI%5D%7Bcontinuum%7D&notify=652024260007%40smail.nju.edu.cn&method=url&protocol=fits&filenamefmt=hmi.ic_45s.%7BT_REC%3AA%7D.%7BCAMERA%7D.%7Bsegment%7D&process%3Dn=0&requester=652024260007 with 502 - Bad Gateway'>
51,2014-02-02 21:24:00,20140202_212400_UTC,131,True,0,C:\Learning\PHD2nd\sunspotscar\data\M\20140202_212400_UTC\131,error,<HTTPError 502: 'Failed to open URL: http://jsoc.stanford.edu/cgi-bin/ajax/jsoc_fetch?op=exp_request&format=json&ds=aia.lev1_euv_12s%5B2014.02.02_20%3A54%3A35_TAI-2014.02.02_21%3A34%3A35_TAI%4036s%5D%5B131%5D%7Bimage%7D&notify=652024260007%40smail.nju.edu.cn&method=url&protocol=fits&filenamefmt=aia.lev1_euv_12s.%7BT_REC%3AA%7D.%7BWAVELNTH%7D.%7Bsegment%7D&process%3Dn=0&requester=652024260007 with 502 - Bad Gateway'>
51,2014-02-02 21:24:00,20140202_212400_UTC,211,True,0,C:\Learning\PHD2nd\sunspotscar\data\M\20140202_212400_UTC\211,error,<HTTPError 502: 'Failed to open URL: http://jsoc.stanford.edu/cgi-bin/ajax/jsoc_fetch?op=exp_request&format=json&ds=aia.lev1_euv_12s%5B2014.02.02_20%3A54%3A35_TAI-2014.02.02_21%3A34%3A35_TAI%4036s%5D%5B211%5D%7Bimage%7D&notify=652024260007%40smail.nju.edu.cn&method=url&protocol=fits&filenamefmt=aia.lev1_euv_12s.%7BT_REC%3AA%7D.%7BWAVELNTH%7D.%7Bsegment%7D&process%3Dn=0&requester=652024260007 with 502 - Bad Gateway'>
51,2014-02-02 21:24:00,20140202_212400_UTC,304,True,0,C:\Learning\PHD2nd\sunspotscar\data\M\20140202_212400_UTC\304,error,<HTTPError 502: 'Failed to open URL: http://jsoc.stanford.edu/cgi-bin/ajax/jsoc_fetch?op=exp_request&format=json&ds=aia.lev1_euv_12s%5B2014.02.02_20%3A54%3A35_TAI-2014.02.02_21%3A34%3A35_TAI%4036s%5D%5B304%5D%7Bimage%7D&notify=652024260007%40smail.nju.edu.cn&method=url&protocol=fits&filenamefmt=aia.lev1_euv_12s.%7BT_REC%3AA%7D.%7BWAVELNTH%7D.%7Bsegment%7D&process%3Dn=0&requester=652024260007 with 502 - Bad Gateway'>
51,2014-02-02 21:24:00,20140202_212400_UTC,hmi.Ic_45s,True,0,C:\Learning\PHD2nd\sunspotscar\data\M\20140202_212400_UTC\hmi.Ic_45s,error,<HTTPError 502: 'Failed to open URL: http://jsoc.stanford.edu/cgi-bin/ajax/jsoc_fetch?op=exp_request&format=json&ds=hmi.Ic_45s%5B2014.02.02_20%3A54%3A35_TAI-2014.02.02_21%3A34%3A35_TAI%5D%7Bcontinuum%7D&notify=652024260007%40smail.nju.edu.cn&method=url&protocol=fits&filenamefmt=hmi.ic_45s.%7BT_REC%3AA%7D.%7BCAMERA%7D.%7Bsegment%7D&process%3Dn=0&requester=652024260007 with 502 - Bad Gateway'>
52,2014-02-04 01:16:00,20140204_011600_UTC,131,True,0,C:\Learning\PHD2nd\sunspotscar\data\M\20140204_011600_UTC\131,error,<HTTPError 502: 'Failed to open URL: http://jsoc.stanford.edu/cgi-bin/ajax/jsoc_fetch?op=exp_request&format=json&ds=aia.lev1_euv_12s%5B2014.02.04_00%3A46%3A35_TAI-2014.02.04_01%3A26%3A35_TAI%4036s%5D%5B131%5D%7Bimage%7D&notify=652024260007%40smail.nju.edu.cn&method=url&protocol=fits&filenamefmt=aia.lev1_euv_12s.%7BT_REC%3AA%7D.%7BWAVELNTH%7D.%7Bsegment%7D&process%3Dn=0&requester=652024260007 with 502 - Bad Gateway'>
52,2014-02-04 01:16:00,20140204_011600_UTC,211,True,0,C:\Learning\PHD2nd\sunspotscar\data\M\20140204_011600_UTC\211,error,<HTTPError 502: 'Failed to open URL: http://jsoc.stanford.edu/cgi-bin/ajax/jsoc_fetch?op=exp_request&format=json&ds=aia.lev1_euv_12s%5B2014.02.04_00%3A46%3A35_TAI-2014.02.04_01%3A26%3A35_TAI%4036s%5D%5B211%5D%7Bimage%7D&notify=652024260007%40smail.nju.edu.cn&method=url&protocol=fits&filenamefmt=aia.lev1_euv_12s.%7BT_REC%3AA%7D.%7BWAVELNTH%7D.%7Bsegment%7D&process%3Dn=0&requester=652024260007 with 502 - Bad Gateway'>
52,2014-02-04 01:16:00,20140204_011600_UTC,304,True,0,C:\Learning\PHD2nd\sunspotscar\data\M\20140204_011600_UTC\304,error,<HTTPError 502: 'Failed to open URL: http://jsoc.stanford.edu/cgi-bin/ajax/jsoc_fetch?op=exp_request&format=json&ds=aia.lev1_euv_12s%5B2014.02.04_00%3A46%3A35_TAI-2014.02.04_01%3A26%3A35_TAI%4036s%5D%5B304%5D%7Bimage%7D&notify=652024260007%40smail.nju.edu.cn&method=url&protocol=fits&filenamefmt=aia.lev1_euv_12s.%7BT_REC%3AA%7D.%7BWAVELNTH%7D.%7Bsegment%7D&process%3Dn=0&requester=652024260007 with 502 - Bad Gateway'>
52,2014-02-04 01:16:00,20140204_011600_UTC,hmi.Ic_45s,True,0,C:\Learning\PHD2nd\sunspotscar\data\M\20140204_011600_UTC\hmi.Ic_45s,error,<HTTPError 502: 'Failed to open URL: http://jsoc.stanford.edu/cgi-bin/ajax/jsoc_fetch?op=exp_request&format=json&ds=hmi.Ic_45s%5B2014.02.04_00%3A46%3A35_TAI-2014.02.04_01%3A26%3A35_TAI%5D%7Bcontinuum%7D&notify=652024260007%40smail.nju.edu.cn&method=url&protocol=fits&filenamefmt=hmi.ic_45s.%7BT_REC%3AA%7D.%7BCAMERA%7D.%7Bsegment%7D&process%3Dn=0&requester=652024260007 with 502 - Bad Gateway'>
53,2014-02-04 03:57:00,20140204_035700_UTC,131,True,0,C:\Learning\PHD2nd\sunspotscar\data\M\20140204_035700_UTC\131,error,<HTTPError 502: 'Failed to open URL: http://jsoc.stanford.edu/cgi-bin/ajax/jsoc_fetch?op=exp_request&format=json&ds=aia.lev1_euv_12s%5B2014.02.04_03%3A27%3A35_TAI-2014.02.04_04%3A07%3A35_TAI%4036s%5D%5B131%5D%7Bimage%7D&notify=652024260007%40smail.nju.edu.cn&method=url&protocol=fits&filenamefmt=aia.lev1_euv_12s.%7BT_REC%3AA%7D.%7BWAVELNTH%7D.%7Bsegment%7D&process%3Dn=0&requester=652024260007 with 502 - Bad Gateway'>
53,2014-02-04 03:57:00,20140204_035700_UTC,211,True,0,C:\Learning\PHD2nd\sunspotscar\data\M\20140204_035700_UTC\211,error,<HTTPError 502: 'Failed to open URL: http://jsoc.stanford.edu/cgi-bin/ajax/jsoc_fetch?op=exp_request&format=json&ds=aia.lev1_euv_12s%5B2014.02.04_03%3A27%3A35_TAI-2014.02.04_04%3A07%3A35_TAI%4036s%5D%5B211%5D%7Bimage%7D&notify=652024260007%40smail.nju.edu.cn&method=url&protocol=fits&filenamefmt=aia.lev1_euv_12s.%7BT_REC%3AA%7D.%7BWAVELNTH%7D.%7Bsegment%7D&process%3Dn=0&requester=652024260007 with 502 - Bad Gateway'>
53,2014-02-04 03:57:00,20140204_035700_UTC,304,True,0,C:\Learning\PHD2nd\sunspotscar\data\M\20140204_035700_UTC\304,error,<HTTPError 502: 'Failed to open URL: http://jsoc.stanford.edu/cgi-bin/ajax/jsoc_fetch?op=exp_request&format=json&ds=aia.lev1_euv_12s%5B2014.02.04_03%3A27%3A35_TAI-2014.02.04_04%3A07%3A35_TAI%4036s%5D%5B304%5D%7Bimage%7D&notify=652024260007%40smail.nju.edu.cn&method=url&protocol=fits&filenamefmt=aia.lev1_euv_12s.%7BT_REC%3AA%7D.%7BWAVELNTH%7D.%7Bsegment%7D&process%3Dn=0&requester=652024260007 with 502 - Bad Gateway'>
53,2014-02-04 03:57:00,20140204_035700_UTC,hmi.Ic_45s,True,0,C:\Learning\PHD2nd\sunspotscar\data\M\20140204_035700_UTC\hmi.Ic_45s,error,<HTTPError 502: 'Failed to open URL: http://jsoc.stanford.edu/cgi-bin/ajax/jsoc_fetch?op=exp_request&format=json&ds=hmi.Ic_45s%5B2014.02.04_03%3A27%3A35_TAI-2014.02.04_04%3A07%3A35_TAI%5D%7Bcontinuum%7D&notify=652024260007%40smail.nju.edu.cn&method=url&protocol=fits&filenamefmt=hmi.ic_45s.%7BT_REC%3AA%7D.%7BCAMERA%7D.%7Bsegment%7D&process%3Dn=0&requester=652024260007 with 502 - Bad Gateway'>
54,2014-02-04 09:38:00,20140204_093800_UTC,131,True,0,C:\Learning\PHD2nd\sunspotscar\data\M\20140204_093800_UTC\131,error,<HTTPError 502: 'Failed to open URL: http://jsoc.stanford.edu/cgi-bin/ajax/jsoc_fetch?op=exp_request&format=json&ds=aia.lev1_euv_12s%5B2014.02.04_09%3A08%3A35_TAI-2014.02.04_09%3A48%3A35_TAI%4036s%5D%5B131%5D%7Bimage%7D&notify=652024260007%40smail.nju.edu.cn&method=url&protocol=fits&filenamefmt=aia.lev1_euv_12s.%7BT_REC%3AA%7D.%7BWAVELNTH%7D.%7Bsegment%7D&process%3Dn=0&requester=652024260007 with 502 - Bad Gateway'>
54,2014-02-04 09:38:00,20140204_093800_UTC,211,True,0,C:\Learning\PHD2nd\sunspotscar\data\M\20140204_093800_UTC\211,error,<HTTPError 502: 'Failed to open URL: http://jsoc.stanford.edu/cgi-bin/ajax/jsoc_fetch?op=exp_request&format=json&ds=aia.lev1_euv_12s%5B2014.02.04_09%3A08%3A35_TAI-2014.02.04_09%3A48%3A35_TAI%4036s%5D%5B211%5D%7Bimage%7D&notify=652024260007%40smail.nju.edu.cn&method=url&protocol=fits&filenamefmt=aia.lev1_euv_12s.%7BT_REC%3AA%7D.%7BWAVELNTH%7D.%7Bsegment%7D&process%3Dn=0&requester=652024260007 with 502 - Bad Gateway'>
54,2014-02-04 09:38:00,20140204_093800_UTC,304,True,0,C:\Learning\PHD2nd\sunspotscar\data\M\20140204_093800_UTC\304,error,<HTTPError 502: 'Failed to open URL: http://jsoc.stanford.edu/cgi-bin/ajax/jsoc_fetch?op=exp_request&format=json&ds=aia.lev1_euv_12s%5B2014.02.04_09%3A08%3A35_TAI-2014.02.04_09%3A48%3A35_TAI%4036s%5D%5B304%5D%7Bimage%7D&notify=652024260007%40smail.nju.edu.cn&method=url&protocol=fits&filenamefmt=aia.lev1_euv_12s.%7BT_REC%3AA%7D.%7BWAVELNTH%7D.%7Bsegment%7D&process%3Dn=0&requester=652024260007 with 502 - Bad Gateway'>
54,2014-02-04 09:38:00,20140204_093800_UTC,hmi.Ic_45s,True,0,C:\Learning\PHD2nd\sunspotscar\data\M\20140204_093800_UTC\hmi.Ic_45s,error,<HTTPError 502: 'Failed to open URL: http://jsoc.stanford.edu/cgi-bin/ajax/jsoc_fetch?op=exp_request&format=json&ds=hmi.Ic_45s%5B2014.02.04_09%3A08%3A35_TAI-2014.02.04_09%3A48%3A35_TAI%5D%7Bcontinuum%7D&notify=652024260007%40smail.nju.edu.cn&method=url&protocol=fits&filenamefmt=hmi.ic_45s.%7BT_REC%3AA%7D.%7BCAMERA%7D.%7Bsegment%7D&process%3Dn=0&requester=652024260007 with 502 - Bad Gateway'>
55,2014-02-04 15:25:00,20140204_152500_UTC,131,True,0,C:\Learning\PHD2nd\sunspotscar\data\M\20140204_152500_UTC\131,error,<HTTPError 502: 'Failed to open URL: http://jsoc.stanford.edu/cgi-bin/ajax/jsoc_fetch?op=exp_request&format=json&ds=aia.lev1_euv_12s%5B2014.02.04_14%3A55%3A35_TAI-2014.02.04_15%3A35%3A35_TAI%4036s%5D%5B131%5D%7Bimage%7D&notify=652024260007%40smail.nju.edu.cn&method=url&protocol=fits&filenamefmt=aia.lev1_euv_12s.%7BT_REC%3AA%7D.%7BWAVELNTH%7D.%7Bsegment%7D&process%3Dn=0&requester=652024260007 with 502 - Bad Gateway'>
55,2014-02-04 15:25:00,20140204_152500_UTC,211,True,0,C:\Learning\PHD2nd\sunspotscar\data\M\20140204_152500_UTC\211,error,<HTTPError 502: 'Failed to open URL: http://jsoc.stanford.edu/cgi-bin/ajax/jsoc_fetch?op=exp_request&format=json&ds=aia.lev1_euv_12s%5B2014.02.04_14%3A55%3A35_TAI-2014.02.04_15%3A35%3A35_TAI%4036s%5D%5B211%5D%7Bimage%7D&notify=652024260007%40smail.nju.edu.cn&method=url&protocol=fits&filenamefmt=aia.lev1_euv_12s.%7BT_REC%3AA%7D.%7BWAVELNTH%7D.%7Bsegment%7D&process%3Dn=0&requester=652024260007 with 502 - Bad Gateway'>
55,2014-02-04 15:25:00,20140204_152500_UTC,304,True,0,C:\Learning\PHD2nd\sunspotscar\data\M\20140204_152500_UTC\304,error,<HTTPError 502: 'Failed to open URL: http://jsoc.stanford.edu/cgi-bin/ajax/jsoc_fetch?op=exp_request&format=json&ds=aia.lev1_euv_12s%5B2014.02.04_14%3A55%3A35_TAI-2014.02.04_15%3A35%3A35_TAI%4036s%5D%5B304%5D%7Bimage%7D&notify=652024260007%40smail.nju.edu.cn&method=url&protocol=fits&filenamefmt=aia.lev1_euv_12s.%7BT_REC%3AA%7D.%7BWAVELNTH%7D.%7Bsegment%7D&process%3Dn=0&requester=652024260007 with 502 - Bad Gateway'>
55,2014-02-04 15:25:00,20140204_152500_UTC,hmi.Ic_45s,True,0,C:\Learning\PHD2nd\sunspotscar\data\M\20140204_152500_UTC\hmi.Ic_45s,error,<HTTPError 502: 'Failed to open URL: http://jsoc.stanford.edu/cgi-bin/ajax/jsoc_fetch?op=exp_request&format=json&ds=hmi.Ic_45s%5B2014.02.04_14%3A55%3A35_TAI-2014.02.04_15%3A35%3A35_TAI%5D%7Bcontinuum%7D&notify=652024260007%40smail.nju.edu.cn&method=url&protocol=fits&filenamefmt=hmi.ic_45s.%7BT_REC%3AA%7D.%7BCAMERA%7D.%7Bsegment%7D&process%3Dn=0&requester=652024260007 with 502 - Bad Gateway'>
56,2014-02-11 03:22:00,20140211_032200_UTC,131,True,0,C:\Learning\PHD2nd\sunspotscar\data\M\20140211_032200_UTC\131,error,<HTTPError 502: 'Failed to open URL: http://jsoc.stanford.edu/cgi-bin/ajax/jsoc_fetch?op=exp_request&format=json&ds=aia.lev1_euv_12s%5B2014.02.11_02%3A52%3A35_TAI-2014.02.11_03%3A32%3A35_TAI%4036s%5D%5B131%5D%7Bimage%7D&notify=652024260007%40smail.nju.edu.cn&method=url&protocol=fits&filenamefmt=aia.lev1_euv_12s.%7BT_REC%3AA%7D.%7BWAVELNTH%7D.%7Bsegment%7D&process%3Dn=0&requester=652024260007 with 502 - Bad Gateway'>
56,2014-02-11 03:22:00,20140211_032200_UTC,211,True,0,C:\Learning\PHD2nd\sunspotscar\data\M\20140211_032200_UTC\211,error,<HTTPError 502: 'Failed to open URL: http://jsoc.stanford.edu/cgi-bin/ajax/jsoc_fetch?op=exp_request&format=json&ds=aia.lev1_euv_12s%5B2014.02.11_02%3A52%3A35_TAI-2014.02.11_03%3A32%3A35_TAI%4036s%5D%5B211%5D%7Bimage%7D&notify=652024260007%40smail.nju.edu.cn&method=url&protocol=fits&filenamefmt=aia.lev1_euv_12s.%7BT_REC%3AA%7D.%7BWAVELNTH%7D.%7Bsegment%7D&process%3Dn=0&requester=652024260007 with 502 - Bad Gateway'>
56,2014-02-11 03:22:00,20140211_032200_UTC,304,True,0,C:\Learning\PHD2nd\sunspotscar\data\M\20140211_032200_UTC\304,error,<HTTPError 502: 'Failed to open URL: http://jsoc.stanford.edu/cgi-bin/ajax/jsoc_fetch?op=exp_request&format=json&ds=aia.lev1_euv_12s%5B2014.02.11_02%3A52%3A35_TAI-2014.02.11_03%3A32%3A35_TAI%4036s%5D%5B304%5D%7Bimage%7D&notify=652024260007%40smail.nju.edu.cn&method=url&protocol=fits&filenamefmt=aia.lev1_euv_12s.%7BT_REC%3AA%7D.%7BWAVELNTH%7D.%7Bsegment%7D&process%3Dn=0&requester=652024260007 with 502 - Bad Gateway'>
56,2014-02-11 03:22:00,20140211_032200_UTC,hmi.Ic_45s,True,0,C:\Learning\PHD2nd\sunspotscar\data\M\20140211_032200_UTC\hmi.Ic_45s,error,<HTTPError 502: 'Failed to open URL: http://jsoc.stanford.edu/cgi-bin/ajax/jsoc_fetch?op=exp_request&format=json&ds=hmi.Ic_45s%5B2014.02.11_02%3A52%3A35_TAI-2014.02.11_03%3A32%3A35_TAI%5D%7Bcontinuum%7D&notify=652024260007%40smail.nju.edu.cn&method=url&protocol=fits&filenamefmt=hmi.ic_45s.%7BT_REC%3AA%7D.%7BCAMERA%7D.%7Bsegment%7D&process%3Dn=0&requester=652024260007 with 502 - Bad Gateway'>
57,2014-02-11 16:34:00,20140211_163400_UTC,131,True,0,C:\Learning\PHD2nd\sunspotscar\data\M\20140211_163400_UTC\131,error,<HTTPError 502: 'Failed to open URL: http://jsoc.stanford.edu/cgi-bin/ajax/jsoc_fetch?op=exp_request&format=json&ds=aia.lev1_euv_12s%5B2014.02.11_16%3A04%3A35_TAI-2014.02.11_16%3A44%3A35_TAI%4036s%5D%5B131%5D%7Bimage%7D&notify=652024260007%40smail.nju.edu.cn&method=url&protocol=fits&filenamefmt=aia.lev1_euv_12s.%7BT_REC%3AA%7D.%7BWAVELNTH%7D.%7Bsegment%7D&process%3Dn=0&requester=652024260007 with 502 - Bad Gateway'>
57,2014-02-11 16:34:00,20140211_163400_UTC,211,True,0,C:\Learning\PHD2nd\sunspotscar\data\M\20140211_163400_UTC\211,error,<HTTPError 502: 'Failed to open URL: http://jsoc.stanford.edu/cgi-bin/ajax/jsoc_fetch?op=exp_request&format=json&ds=aia.lev1_euv_12s%5B2014.02.11_16%3A04%3A35_TAI-2014.02.11_16%3A44%3A35_TAI%4036s%5D%5B211%5D%7Bimage%7D&notify=652024260007%40smail.nju.edu.cn&method=url&protocol=fits&filenamefmt=aia.lev1_euv_12s.%7BT_REC%3AA%7D.%7BWAVELNTH%7D.%7Bsegment%7D&process%3Dn=0&requester=652024260007 with 502 - Bad Gateway'>
57,2014-02-11 16:34:00,20140211_163400_UTC,304,True,0,C:\Learning\PHD2nd\sunspotscar\data\M\20140211_163400_UTC\304,error,<HTTPError 502: 'Failed to open URL: http://jsoc.stanford.edu/cgi-bin/ajax/jsoc_fetch?op=exp_request&format=json&ds=aia.lev1_euv_12s%5B2014.02.11_16%3A04%3A35_TAI-2014.02.11_16%3A44%3A35_TAI%4036s%5D%5B304%5D%7Bimage%7D&notify=652024260007%40smail.nju.edu.cn&method=url&protocol=fits&filenamefmt=aia.lev1_euv_12s.%7BT_REC%3AA%7D.%7BWAVELNTH%7D.%7Bsegment%7D&process%3Dn=0&requester=652024260007 with 502 - Bad Gateway'>
57,2014-02-11 16:34:00,20140211_163400_UTC,hmi.Ic_45s,True,0,C:\Learning\PHD2nd\sunspotscar\data\M\20140211_163400_UTC\hmi.Ic_45s,error,<HTTPError 502: 'Failed to open URL: http://jsoc.stanford.edu/cgi-bin/ajax/jsoc_fetch?op=exp_request&format=json&ds=hmi.Ic_45s%5B2014.02.11_16%3A04%3A35_TAI-2014.02.11_16%3A44%3A35_TAI%5D%7Bcontinuum%7D&notify=652024260007%40smail.nju.edu.cn&method=url&protocol=fits&filenamefmt=hmi.ic_45s.%7BT_REC%3AA%7D.%7BCAMERA%7D.%7Bsegment%7D&process%3Dn=0&requester=652024260007 with 502 - Bad Gateway'>
58,2014-02-12 03:52:00,20140212_035200_UTC,131,True,0,C:\Learning\PHD2nd\sunspotscar\data\M\20140212_035200_UTC\131,error,<HTTPError 502: 'Failed to open URL: http://jsoc.stanford.edu/cgi-bin/ajax/jsoc_fetch?op=exp_request&format=json&ds=aia.lev1_euv_12s%5B2014.02.12_03%3A22%3A35_TAI-2014.02.12_04%3A02%3A35_TAI%4036s%5D%5B131%5D%7Bimage%7D&notify=652024260007%40smail.nju.edu.cn&method=url&protocol=fits&filenamefmt=aia.lev1_euv_12s.%7BT_REC%3AA%7D.%7BWAVELNTH%7D.%7Bsegment%7D&process%3Dn=0&requester=652024260007 with 502 - Bad Gateway'>
58,2014-02-12 03:52:00,20140212_035200_UTC,211,True,0,C:\Learning\PHD2nd\sunspotscar\data\M\20140212_035200_UTC\211,error,<HTTPError 502: 'Failed to open URL: http://jsoc.stanford.edu/cgi-bin/ajax/jsoc_fetch?op=exp_request&format=json&ds=aia.lev1_euv_12s%5B2014.02.12_03%3A22%3A35_TAI-2014.02.12_04%3A02%3A35_TAI%4036s%5D%5B211%5D%7Bimage%7D&notify=652024260007%40smail.nju.edu.cn&method=url&protocol=fits&filenamefmt=aia.lev1_euv_12s.%7BT_REC%3AA%7D.%7BWAVELNTH%7D.%7Bsegment%7D&process%3Dn=0&requester=652024260007 with 502 - Bad Gateway'>
58,2014-02-12 03:52:00,20140212_035200_UTC,304,True,0,C:\Learning\PHD2nd\sunspotscar\data\M\20140212_035200_UTC\304,error,<HTTPError 502: 'Failed to open URL: http://jsoc.stanford.edu/cgi-bin/ajax/jsoc_fetch?op=exp_request&format=json&ds=aia.lev1_euv_12s%5B2014.02.12_03%3A22%3A35_TAI-2014.02.12_04%3A02%3A35_TAI%4036s%5D%5B304%5D%7Bimage%7D&notify=652024260007%40smail.nju.edu.cn&method=url&protocol=fits&filenamefmt=aia.lev1_euv_12s.%7BT_REC%3AA%7D.%7BWAVELNTH%7D.%7Bsegment%7D&process%3Dn=0&requester=652024260007 with 502 - Bad Gateway'>
58,2014-02-12 03:52:00,20140212_035200_UTC,hmi.Ic_45s,True,0,C:\Learning\PHD2nd\sunspotscar\data\M\20140212_035200_UTC\hmi.Ic_45s,error,<HTTPError 502: 'Failed to open URL: http://jsoc.stanford.edu/cgi-bin/ajax/jsoc_fetch?op=exp_request&format=json&ds=hmi.Ic_45s%5B2014.02.12_03%3A22%3A35_TAI-2014.02.12_04%3A02%3A35_TAI%5D%7Bcontinuum%7D&notify=652024260007%40smail.nju.edu.cn&method=url&protocol=fits&filenamefmt=hmi.ic_45s.%7BT_REC%3AA%7D.%7BCAMERA%7D.%7Bsegment%7D&process%3Dn=0&requester=652024260007 with 502 - Bad Gateway'>
59,2014-02-12 06:54:00,20140212_065400_UTC,131,True,0,C:\Learning\PHD2nd\sunspotscar\data\M\20140212_065400_UTC\131,error,<HTTPError 502: 'Failed to open URL: http://jsoc.stanford.edu/cgi-bin/ajax/jsoc_fetch?op=exp_request&format=json&ds=aia.lev1_euv_12s%5B2014.02.12_06%3A24%3A35_TAI-2014.02.12_07%3A04%3A35_TAI%4036s%5D%5B131%5D%7Bimage%7D&notify=652024260007%40smail.nju.edu.cn&method=url&protocol=fits&filenamefmt=aia.lev1_euv_12s.%7BT_REC%3AA%7D.%7BWAVELNTH%7D.%7Bsegment%7D&process%3Dn=0&requester=652024260007 with 502 - Bad Gateway'>
59,2014-02-12 06:54:00,20140212_065400_UTC,211,True,0,C:\Learning\PHD2nd\sunspotscar\data\M\20140212_065400_UTC\211,error,<HTTPError 502: 'Failed to open URL: http://jsoc.stanford.edu/cgi-bin/ajax/jsoc_fetch?op=exp_request&format=json&ds=aia.lev1_euv_12s%5B2014.02.12_06%3A24%3A35_TAI-2014.02.12_07%3A04%3A35_TAI%4036s%5D%5B211%5D%7Bimage%7D&notify=652024260007%40smail.nju.edu.cn&method=url&protocol=fits&filenamefmt=aia.lev1_euv_12s.%7BT_REC%3AA%7D.%7BWAVELNTH%7D.%7Bsegment%7D&process%3Dn=0&requester=652024260007 with 502 - Bad Gateway'>
59,2014-02-12 06:54:00,20140212_065400_UTC,304,True,0,C:\Learning\PHD2nd\sunspotscar\data\M\20140212_065400_UTC\304,error,<HTTPError 502: 'Failed to open URL: http://jsoc.stanford.edu/cgi-bin/ajax/jsoc_fetch?op=exp_request&format=json&ds=aia.lev1_euv_12s%5B2014.02.12_06%3A24%3A35_TAI-2014.02.12_07%3A04%3A35_TAI%4036s%5D%5B304%5D%7Bimage%7D&notify=652024260007%40smail.nju.edu.cn&method=url&protocol=fits&filenamefmt=aia.lev1_euv_12s.%7BT_REC%3AA%7D.%7BWAVELNTH%7D.%7Bsegment%7D&process%3Dn=0&requester=652024260007 with 502 - Bad Gateway'>
59,2014-02-12 06:54:00,20140212_065400_UTC,hmi.Ic_45s,True,0,C:\Learning\PHD2nd\sunspotscar\data\M\20140212_065400_UTC\hmi.Ic_45s,error,<HTTPError 502: 'Failed to open URL: http://jsoc.stanford.edu/cgi-bin/ajax/jsoc_fetch?op=exp_request&format=json&ds=hmi.Ic_45s%5B2014.02.12_06%3A24%3A35_TAI-2014.02.12_07%3A04%3A35_TAI%5D%7Bcontinuum%7D&notify=652024260007%40smail.nju.edu.cn&method=url&protocol=fits&filenamefmt=hmi.ic_45s.%7BT_REC%3AA%7D.%7BCAMERA%7D.%7Bsegment%7D&process%3Dn=0&requester=652024260007 with 502 - Bad Gateway'>
60,2014-02-12 15:41:00,20140212_154100_UTC,131,True,0,C:\Learning\PHD2nd\sunspotscar\data\M\20140212_154100_UTC\131,error,<HTTPError 502: 'Failed to open URL: http://jsoc.stanford.edu/cgi-bin/ajax/jsoc_fetch?op=exp_request&format=json&ds=aia.lev1_euv_12s%5B2014.02.12_15%3A11%3A35_TAI-2014.02.12_15%3A51%3A35_TAI%4036s%5D%5B131%5D%7Bimage%7D&notify=652024260007%40smail.nju.edu.cn&method=url&protocol=fits&filenamefmt=aia.lev1_euv_12s.%7BT_REC%3AA%7D.%7BWAVELNTH%7D.%7Bsegment%7D&process%3Dn=0&requester=652024260007 with 502 - Bad Gateway'>
60,2014-02-12 15:41:00,20140212_154100_UTC,211,True,0,C:\Learning\PHD2nd\sunspotscar\data\M\20140212_154100_UTC\211,error,<HTTPError 502: 'Failed to open URL: http://jsoc.stanford.edu/cgi-bin/ajax/jsoc_fetch?op=exp_request&format=json&ds=aia.lev1_euv_12s%5B2014.02.12_15%3A11%3A35_TAI-2014.02.12_15%3A51%3A35_TAI%4036s%5D%5B211%5D%7Bimage%7D&notify=652024260007%40smail.nju.edu.cn&method=url&protocol=fits&filenamefmt=aia.lev1_euv_12s.%7BT_REC%3AA%7D.%7BWAVELNTH%7D.%7Bsegment%7D&process%3Dn=0&requester=652024260007 with 502 - Bad Gateway'>
60,2014-02-12 15:41:00,20140212_154100_UTC,304,True,0,C:\Learning\PHD2nd\sunspotscar\data\M\20140212_154100_UTC\304,error,<HTTPError 502: 'Failed to open URL: http://jsoc.stanford.edu/cgi-bin/ajax/jsoc_fetch?op=exp_request&format=json&ds=aia.lev1_euv_12s%5B2014.02.12_15%3A11%3A35_TAI-2014.02.12_15%3A51%3A35_TAI%4036s%5D%5B304%5D%7Bimage%7D&notify=652024260007%40smail.nju.edu.cn&method=url&protocol=fits&filenamefmt=aia.lev1_euv_12s.%7BT_REC%3AA%7D.%7BWAVELNTH%7D.%7Bsegment%7D&process%3Dn=0&requester=652024260007 with 502 - Bad Gateway'>
60,2014-02-12 15:41:00,20140212_154100_UTC,hmi.Ic_45s,True,0,C:\Learning\PHD2nd\sunspotscar\data\M\20140212_154100_UTC\hmi.Ic_45s,error,<HTTPError 502: 'Failed to open URL: http://jsoc.stanford.edu/cgi-bin/ajax/jsoc_fetch?op=exp_request&format=json&ds=hmi.Ic_45s%5B2014.02.12_15%3A11%3A35_TAI-2014.02.12_15%3A51%3A35_TAI%5D%7Bcontinuum%7D&notify=652024260007%40smail.nju.edu.cn&method=url&protocol=fits&filenamefmt=hmi.ic_45s.%7BT_REC%3AA%7D.%7BCAMERA%7D.%7Bsegment%7D&process%3Dn=0&requester=652024260007 with 502 - Bad Gateway'>
60,2014-02-12 15:41:00,20140212_154100_UTC,hmi.B_720s,True,0,C:\Learning\PHD2nd\sunspotscar\data\M\20140212_154100_UTC\hmi.B_720s,error,<HTTPError 502: 'Failed to open URL: http://jsoc.stanford.edu/cgi-bin/ajax/jsoc_info?op=rs_list&ds=hmi.B_720s%5B2014.02.12_13%3A41%3A35_TAI-2014.02.12_15%3A41%3A35_TAI%5D&key=T_REC with 502 - Bad Gateway'>
61,2014-02-13 01:32:00,20140213_013200_UTC,131,True,0,C:\Learning\PHD2nd\sunspotscar\data\M\20140213_013200_UTC\131,error,<HTTPError 502: 'Failed to open URL: http://jsoc.stanford.edu/cgi-bin/ajax/jsoc_fetch?op=exp_request&format=json&ds=aia.lev1_euv_12s%5B2014.02.13_01%3A02%3A35_TAI-2014.02.13_01%3A42%3A35_TAI%4036s%5D%5B131%5D%7Bimage%7D&notify=652024260007%40smail.nju.edu.cn&method=url&protocol=fits&filenamefmt=aia.lev1_euv_12s.%7BT_REC%3AA%7D.%7BWAVELNTH%7D.%7Bsegment%7D&process%3Dn=0&requester=652024260007 with 502 - Bad Gateway'>
61,2014-02-13 01:32:00,20140213_013200_UTC,211,True,0,C:\Learning\PHD2nd\sunspotscar\data\M\20140213_013200_UTC\211,error,<HTTPError 502: 'Failed to open URL: http://jsoc.stanford.edu/cgi-bin/ajax/jsoc_fetch?op=exp_request&format=json&ds=aia.lev1_euv_12s%5B2014.02.13_01%3A02%3A35_TAI-2014.02.13_01%3A42%3A35_TAI%4036s%5D%5B211%5D%7Bimage%7D&notify=652024260007%40smail.nju.edu.cn&method=url&protocol=fits&filenamefmt=aia.lev1_euv_12s.%7BT_REC%3AA%7D.%7BWAVELNTH%7D.%7Bsegment%7D&process%3Dn=0&requester=652024260007 with 502 - Bad Gateway'>
61,2014-02-13 01:32:00,20140213_013200_UTC,304,True,0,C:\Learning\PHD2nd\sunspotscar\data\M\20140213_013200_UTC\304,error,<HTTPError 502: 'Failed to open URL: http://jsoc.stanford.edu/cgi-bin/ajax/jsoc_fetch?op=exp_request&format=json&ds=aia.lev1_euv_12s%5B2014.02.13_01%3A02%3A35_TAI-2014.02.13_01%3A42%3A35_TAI%4036s%5D%5B304%5D%7Bimage%7D&notify=652024260007%40smail.nju.edu.cn&method=url&protocol=fits&filenamefmt=aia.lev1_euv_12s.%7BT_REC%3AA%7D.%7BWAVELNTH%7D.%7Bsegment%7D&process%3Dn=0&requester=652024260007 with 502 - Bad Gateway'>
61,2014-02-13 01:32:00,20140213_013200_UTC,hmi.Ic_45s,True,0,C:\Learning\PHD2nd\sunspotscar\data\M\20140213_013200_UTC\hmi.Ic_45s,error,<HTTPError 502: 'Failed to open URL: http://jsoc.stanford.edu/cgi-bin/ajax/jsoc_fetch?op=exp_request&format=json&ds=hmi.Ic_45s%5B2014.02.13_01%3A02%3A35_TAI-2014.02.13_01%3A42%3A35_TAI%5D%7Bcontinuum%7D&notify=652024260007%40smail.nju.edu.cn&method=url&protocol=fits&filenamefmt=hmi.ic_45s.%7BT_REC%3AA%7D.%7BCAMERA%7D.%7Bsegment%7D&process%3Dn=0&requester=652024260007 with 502 - Bad Gateway'>
62,2014-02-13 02:41:00,20140213_024100_UTC,131,True,0,C:\Learning\PHD2nd\sunspotscar\data\M\20140213_024100_UTC\131,error,<HTTPError 502: 'Failed to open URL: http://jsoc.stanford.edu/cgi-bin/ajax/jsoc_fetch?op=exp_request&format=json&ds=aia.lev1_euv_12s%5B2014.02.13_02%3A11%3A35_TAI-2014.02.13_02%3A51%3A35_TAI%4036s%5D%5B131%5D%7Bimage%7D&notify=652024260007%40smail.nju.edu.cn&method=url&protocol=fits&filenamefmt=aia.lev1_euv_12s.%7BT_REC%3AA%7D.%7BWAVELNTH%7D.%7Bsegment%7D&process%3Dn=0&requester=652024260007 with 502 - Bad Gateway'>
62,2014-02-13 02:41:00,20140213_024100_UTC,211,True,0,C:\Learning\PHD2nd\sunspotscar\data\M\20140213_024100_UTC\211,error,<HTTPError 502: 'Failed to open URL: http://jsoc.stanford.edu/cgi-bin/ajax/jsoc_fetch?op=exp_request&format=json&ds=aia.lev1_euv_12s%5B2014.02.13_02%3A11%3A35_TAI-2014.02.13_02%3A51%3A35_TAI%4036s%5D%5B211%5D%7Bimage%7D&notify=652024260007%40smail.nju.edu.cn&method=url&protocol=fits&filenamefmt=aia.lev1_euv_12s.%7BT_REC%3AA%7D.%7BWAVELNTH%7D.%7Bsegment%7D&process%3Dn=0&requester=652024260007 with 502 - Bad Gateway'>
62,2014-02-13 02:41:00,20140213_024100_UTC,304,True,0,C:\Learning\PHD2nd\sunspotscar\data\M\20140213_024100_UTC\304,error,<HTTPError 502: 'Failed to open URL: http://jsoc.stanford.edu/cgi-bin/ajax/jsoc_fetch?op=exp_request&format=json&ds=aia.lev1_euv_12s%5B2014.02.13_02%3A11%3A35_TAI-2014.02.13_02%3A51%3A35_TAI%4036s%5D%5B304%5D%7Bimage%7D&notify=652024260007%40smail.nju.edu.cn&method=url&protocol=fits&filenamefmt=aia.lev1_euv_12s.%7BT_REC%3AA%7D.%7BWAVELNTH%7D.%7Bsegment%7D&process%3Dn=0&requester=652024260007 with 502 - Bad Gateway'>
62,2014-02-13 02:41:00,20140213_024100_UTC,hmi.Ic_45s,True,0,C:\Learning\PHD2nd\sunspotscar\data\M\20140213_024100_UTC\hmi.Ic_45s,error,<HTTPError 502: 'Failed to open URL: http://jsoc.stanford.edu/cgi-bin/ajax/jsoc_fetch?op=exp_request&format=json&ds=hmi.Ic_45s%5B2014.02.13_02%3A11%3A35_TAI-2014.02.13_02%3A51%3A35_TAI%5D%7Bcontinuum%7D&notify=652024260007%40smail.nju.edu.cn&method=url&protocol=fits&filenamefmt=hmi.ic_45s.%7BT_REC%3AA%7D.%7BCAMERA%7D.%7Bsegment%7D&process%3Dn=0&requester=652024260007 with 502 - Bad Gateway'>
63,2014-02-13 05:49:00,20140213_054900_UTC,131,True,0,C:\Learning\PHD2nd\sunspotscar\data\M\20140213_054900_UTC\131,error,<HTTPError 502: 'Failed to open URL: http://jsoc.stanford.edu/cgi-bin/ajax/jsoc_fetch?op=exp_request&format=json&ds=aia.lev1_euv_12s%5B2014.02.13_05%3A19%3A35_TAI-2014.02.13_05%3A59%3A35_TAI%4036s%5D%5B131%5D%7Bimage%7D&notify=652024260007%40smail.nju.edu.cn&method=url&protocol=fits&filenamefmt=aia.lev1_euv_12s.%7BT_REC%3AA%7D.%7BWAVELNTH%7D.%7Bsegment%7D&process%3Dn=0&requester=652024260007 with 502 - Bad Gateway'>
63,2014-02-13 05:49:00,20140213_054900_UTC,211,True,0,C:\Learning\PHD2nd\sunspotscar\data\M\20140213_054900_UTC\211,error,<HTTPError 502: 'Failed to open URL: http://jsoc.stanford.edu/cgi-bin/ajax/jsoc_fetch?op=exp_request&format=json&ds=aia.lev1_euv_12s%5B2014.02.13_05%3A19%3A35_TAI-2014.02.13_05%3A59%3A35_TAI%4036s%5D%5B211%5D%7Bimage%7D&notify=652024260007%40smail.nju.edu.cn&method=url&protocol=fits&filenamefmt=aia.lev1_euv_12s.%7BT_REC%3AA%7D.%7BWAVELNTH%7D.%7Bsegment%7D&process%3Dn=0&requester=652024260007 with 502 - Bad Gateway'>
63,2014-02-13 05:49:00,20140213_054900_UTC,304,True,0,C:\Learning\PHD2nd\sunspotscar\data\M\20140213_054900_UTC\304,error,<HTTPError 502: 'Failed to open URL: http://jsoc.stanford.edu/cgi-bin/ajax/jsoc_fetch?op=exp_request&format=json&ds=aia.lev1_euv_12s%5B2014.02.13_05%3A19%3A35_TAI-2014.02.13_05%3A59%3A35_TAI%4036s%5D%5B304%5D%7Bimage%7D&notify=652024260007%40smail.nju.edu.cn&method=url&protocol=fits&filenamefmt=aia.lev1_euv_12s.%7BT_REC%3AA%7D.%7BWAVELNTH%7D.%7Bsegment%7D&process%3Dn=0&requester=652024260007 with 502 - Bad Gateway'>
63,2014-02-13 05:49:00,20140213_054900_UTC,hmi.Ic_45s,True,0,C:\Learning\PHD2nd\sunspotscar\data\M\20140213_054900_UTC\hmi.Ic_45s,error,<HTTPError 502: 'Failed to open URL: http://jsoc.stanford.edu/cgi-bin/ajax/jsoc_fetch?op=exp_request&format=json&ds=hmi.Ic_45s%5B2014.02.13_05%3A19%3A35_TAI-2014.02.13_05%3A59%3A35_TAI%5D%7Bcontinuum%7D&notify=652024260007%40smail.nju.edu.cn&method=url&protocol=fits&filenamefmt=hmi.ic_45s.%7BT_REC%3AA%7D.%7BCAMERA%7D.%7Bsegment%7D&process%3Dn=0&requester=652024260007 with 502 - Bad Gateway'>
64,2014-02-13 08:05:00,20140213_080500_UTC,131,True,0,C:\Learning\PHD2nd\sunspotscar\data\M\20140213_080500_UTC\131,error,<HTTPError 502: 'Failed to open URL: http://jsoc.stanford.edu/cgi-bin/ajax/jsoc_fetch?op=exp_request&format=json&ds=aia.lev1_euv_12s%5B2014.02.13_07%3A35%3A35_TAI-2014.02.13_08%3A15%3A35_TAI%4036s%5D%5B131%5D%7Bimage%7D&notify=652024260007%40smail.nju.edu.cn&method=url&protocol=fits&filenamefmt=aia.lev1_euv_12s.%7BT_REC%3AA%7D.%7BWAVELNTH%7D.%7Bsegment%7D&process%3Dn=0&requester=652024260007 with 502 - Bad Gateway'>
64,2014-02-13 08:05:00,20140213_080500_UTC,211,True,0,C:\Learning\PHD2nd\sunspotscar\data\M\20140213_080500_UTC\211,error,<HTTPError 502: 'Failed to open URL: http://jsoc.stanford.edu/cgi-bin/ajax/jsoc_fetch?op=exp_request&format=json&ds=aia.lev1_euv_12s%5B2014.02.13_07%3A35%3A35_TAI-2014.02.13_08%3A15%3A35_TAI%4036s%5D%5B211%5D%7Bimage%7D&notify=652024260007%40smail.nju.edu.cn&method=url&protocol=fits&filenamefmt=aia.lev1_euv_12s.%7BT_REC%3AA%7D.%7BWAVELNTH%7D.%7Bsegment%7D&process%3Dn=0&requester=652024260007 with 502 - Bad Gateway'>
64,2014-02-13 08:05:00,20140213_080500_UTC,304,True,0,C:\Learning\PHD2nd\sunspotscar\data\M\20140213_080500_UTC\304,error,<HTTPError 502: 'Failed to open URL: http://jsoc.stanford.edu/cgi-bin/ajax/jsoc_fetch?op=exp_request&format=json&ds=aia.lev1_euv_12s%5B2014.02.13_07%3A35%3A35_TAI-2014.02.13_08%3A15%3A35_TAI%4036s%5D%5B304%5D%7Bimage%7D&notify=652024260007%40smail.nju.edu.cn&method=url&protocol=fits&filenamefmt=aia.lev1_euv_12s.%7BT_REC%3AA%7D.%7BWAVELNTH%7D.%7Bsegment%7D&process%3Dn=0&requester=652024260007 with 502 - Bad Gateway'>
64,2014-02-13 08:05:00,20140213_080500_UTC,hmi.Ic_45s,True,0,C:\Learning\PHD2nd\sunspotscar\data\M\20140213_080500_UTC\hmi.Ic_45s,error,<HTTPError 502: 'Failed to open URL: http://jsoc.stanford.edu/cgi-bin/ajax/jsoc_fetch?op=exp_request&format=json&ds=hmi.Ic_45s%5B2014.02.13_07%3A35%3A35_TAI-2014.02.13_08%3A15%3A35_TAI%5D%7Bcontinuum%7D&notify=652024260007%40smail.nju.edu.cn&method=url&protocol=fits&filenamefmt=hmi.ic_45s.%7BT_REC%3AA%7D.%7BCAMERA%7D.%7Bsegment%7D&process%3Dn=0&requester=652024260007 with 502 - Bad Gateway'>
65,2014-02-13 15:45:00,20140213_154500_UTC,131,True,0,C:\Learning\PHD2nd\sunspotscar\data\M\20140213_154500_UTC\131,error,<HTTPError 502: 'Failed to open URL: http://jsoc.stanford.edu/cgi-bin/ajax/jsoc_fetch?op=exp_request&format=json&ds=aia.lev1_euv_12s%5B2014.02.13_15%3A15%3A35_TAI-2014.02.13_15%3A55%3A35_TAI%4036s%5D%5B131%5D%7Bimage%7D&notify=652024260007%40smail.nju.edu.cn&method=url&protocol=fits&filenamefmt=aia.lev1_euv_12s.%7BT_REC%3AA%7D.%7BWAVELNTH%7D.%7Bsegment%7D&process%3Dn=0&requester=652024260007 with 502 - Bad Gateway'>
65,2014-02-13 15:45:00,20140213_154500_UTC,211,True,0,C:\Learning\PHD2nd\sunspotscar\data\M\20140213_154500_UTC\211,error,<HTTPError 502: 'Failed to open URL: http://jsoc.stanford.edu/cgi-bin/ajax/jsoc_fetch?op=exp_request&format=json&ds=aia.lev1_euv_12s%5B2014.02.13_15%3A15%3A35_TAI-2014.02.13_15%3A55%3A35_TAI%4036s%5D%5B211%5D%7Bimage%7D&notify=652024260007%40smail.nju.edu.cn&method=url&protocol=fits&filenamefmt=aia.lev1_euv_12s.%7BT_REC%3AA%7D.%7BWAVELNTH%7D.%7Bsegment%7D&process%3Dn=0&requester=652024260007 with 502 - Bad Gateway'>
65,2014-02-13 15:45:00,20140213_154500_UTC,304,True,0,C:\Learning\PHD2nd\sunspotscar\data\M\20140213_154500_UTC\304,error,<HTTPError 502: 'Failed to open URL: http://jsoc.stanford.edu/cgi-bin/ajax/jsoc_fetch?op=exp_request&format=json&ds=aia.lev1_euv_12s%5B2014.02.13_15%3A15%3A35_TAI-2014.02.13_15%3A55%3A35_TAI%4036s%5D%5B304%5D%7Bimage%7D&notify=652024260007%40smail.nju.edu.cn&method=url&protocol=fits&filenamefmt=aia.lev1_euv_12s.%7BT_REC%3AA%7D.%7BWAVELNTH%7D.%7Bsegment%7D&process%3Dn=0&requester=652024260007 with 502 - Bad Gateway'>
65,2014-02-13 15:45:00,20140213_154500_UTC,hmi.Ic_45s,True,0,C:\Learning\PHD2nd\sunspotscar\data\M\20140213_154500_UTC\hmi.Ic_45s,error,<HTTPError 502: 'Failed to open URL: http://jsoc.stanford.edu/cgi-bin/ajax/jsoc_fetch?op=exp_request&format=json&ds=hmi.Ic_45s%5B2014.02.13_15%3A15%3A35_TAI-2014.02.13_15%3A55%3A35_TAI%5D%7Bcontinuum%7D&notify=652024260007%40smail.nju.edu.cn&method=url&protocol=fits&filenamefmt=hmi.ic_45s.%7BT_REC%3AA%7D.%7BCAMERA%7D.%7Bsegment%7D&process%3Dn=0&requester=652024260007 with 502 - Bad Gateway'>
88,2014-12-17 01:41:00,20141217_014100_UTC,131,True,0,C:\Learning\PHD2nd\sunspotscar\data\M\20141217_014100_UTC\131,error,<HTTPError 502: 'Failed to open URL: http://jsoc.stanford.edu/cgi-bin/ajax/jsoc_fetch?op=exp_request&format=json&ds=aia.lev1_euv_12s%5B2014.12.17_01%3A11%3A35_TAI-2014.12.17_01%3A51%3A35_TAI%4036s%5D%5B131%5D%7Bimage%7D&notify=652024260007%40smail.nju.edu.cn&method=url&protocol=fits&filenamefmt=aia.lev1_euv_12s.%7BT_REC%3AA%7D.%7BWAVELNTH%7D.%7Bsegment%7D&process%3Dn=0&requester=652024260007 with 502 - Bad Gateway'>
88,2014-12-17 01:41:00,20141217_014100_UTC,211,True,0,C:\Learning\PHD2nd\sunspotscar\data\M\20141217_014100_UTC\211,error,<HTTPError 502: 'Failed to open URL: http://jsoc.stanford.edu/cgi-bin/ajax/jsoc_fetch?op=exp_request&format=json&ds=aia.lev1_euv_12s%5B2014.12.17_01%3A11%3A35_TAI-2014.12.17_01%3A51%3A35_TAI%4036s%5D%5B211%5D%7Bimage%7D&notify=652024260007%40smail.nju.edu.cn&method=url&protocol=fits&filenamefmt=aia.lev1_euv_12s.%7BT_REC%3AA%7D.%7BWAVELNTH%7D.%7Bsegment%7D&process%3Dn=0&requester=652024260007 with 502 - Bad Gateway'>
88,2014-12-17 01:41:00,20141217_014100_UTC,304,True,0,C:\Learning\PHD2nd\sunspotscar\data\M\20141217_014100_UTC\304,error,<HTTPError 502: 'Failed to open URL: http://jsoc.stanford.edu/cgi-bin/ajax/jsoc_fetch?op=exp_request&format=json&ds=aia.lev1_euv_12s%5B2014.12.17_01%3A11%3A35_TAI-2014.12.17_01%3A51%3A35_TAI%4036s%5D%5B304%5D%7Bimage%7D&notify=652024260007%40smail.nju.edu.cn&method=url&protocol=fits&filenamefmt=aia.lev1_euv_12s.%7BT_REC%3AA%7D.%7BWAVELNTH%7D.%7Bsegment%7D&process%3Dn=0&requester=652024260007 with 502 - Bad Gateway'>
88,2014-12-17 01:41:00,20141217_014100_UTC,hmi.Ic_45s,True,0,C:\Learning\PHD2nd\sunspotscar\data\M\20141217_014100_UTC\hmi.Ic_45s,error,<HTTPError 502: 'Failed to open URL: http://jsoc.stanford.edu/cgi-bin/ajax/jsoc_fetch?op=exp_request&format=json&ds=hmi.Ic_45s%5B2014.12.17_01%3A11%3A35_TAI-2014.12.17_01%3A51%3A35_TAI%5D%7Bcontinuum%7D&notify=652024260007%40smail.nju.edu.cn&method=url&protocol=fits&filenamefmt=hmi.ic_45s.%7BT_REC%3AA%7D.%7BCAMERA%7D.%7Bsegment%7D&process%3Dn=0&requester=652024260007 with 502 - Bad Gateway'>
89,2014-12-17 04:25:00,20141217_042500_UTC,131,True,0,C:\Learning\PHD2nd\sunspotscar\data\M\20141217_042500_UTC\131,error,<HTTPError 502: 'Failed to open URL: http://jsoc.stanford.edu/cgi-bin/ajax/jsoc_fetch?op=exp_request&format=json&ds=aia.lev1_euv_12s%5B2014.12.17_03%3A55%3A35_TAI-2014.12.17_04%3A35%3A35_TAI%4036s%5D%5B131%5D%7Bimage%7D&notify=652024260007%40smail.nju.edu.cn&method=url&protocol=fits&filenamefmt=aia.lev1_euv_12s.%7BT_REC%3AA%7D.%7BWAVELNTH%7D.%7Bsegment%7D&process%3Dn=0&requester=652024260007 with 502 - Bad Gateway'>
89,2014-12-17 04:25:00,20141217_042500_UTC,211,True,0,C:\Learning\PHD2nd\sunspotscar\data\M\20141217_042500_UTC\211,error,<HTTPError 502: 'Failed to open URL: http://jsoc.stanford.edu/cgi-bin/ajax/jsoc_fetch?op=exp_request&format=json&ds=aia.lev1_euv_12s%5B2014.12.17_03%3A55%3A35_TAI-2014.12.17_04%3A35%3A35_TAI%4036s%5D%5B211%5D%7Bimage%7D&notify=652024260007%40smail.nju.edu.cn&method=url&protocol=fits&filenamefmt=aia.lev1_euv_12s.%7BT_REC%3AA%7D.%7BWAVELNTH%7D.%7Bsegment%7D&process%3Dn=0&requester=652024260007 with 502 - Bad Gateway'>
89,2014-12-17 04:25:00,20141217_042500_UTC,304,True,0,C:\Learning\PHD2nd\sunspotscar\data\M\20141217_042500_UTC\304,error,<HTTPError 502: 'Failed to open URL: http://jsoc.stanford.edu/cgi-bin/ajax/jsoc_fetch?op=exp_request&format=json&ds=aia.lev1_euv_12s%5B2014.12.17_03%3A55%3A35_TAI-2014.12.17_04%3A35%3A35_TAI%4036s%5D%5B304%5D%7Bimage%7D&notify=652024260007%40smail.nju.edu.cn&method=url&protocol=fits&filenamefmt=aia.lev1_euv_12s.%7BT_REC%3AA%7D.%7BWAVELNTH%7D.%7Bsegment%7D&process%3Dn=0&requester=652024260007 with 502 - Bad Gateway'>
89,2014-12-17 04:25:00,20141217_042500_UTC,hmi.Ic_45s,True,0,C:\Learning\PHD2nd\sunspotscar\data\M\20141217_042500_UTC\hmi.Ic_45s,error,<HTTPError 502: 'Failed to open URL: http://jsoc.stanford.edu/cgi-bin/ajax/jsoc_fetch?op=exp_request&format=json&ds=hmi.Ic_45s%5B2014.12.17_03%3A55%3A35_TAI-2014.12.17_04%3A35%3A35_TAI%5D%7Bcontinuum%7D&notify=652024260007%40smail.nju.edu.cn&method=url&protocol=fits&filenamefmt=hmi.ic_45s.%7BT_REC%3AA%7D.%7BCAMERA%7D.%7Bsegment%7D&process%3Dn=0&requester=652024260007 with 502 - Bad Gateway'>
90,2014-12-17 18:54:00,20141217_185400_UTC,131,True,0,C:\Learning\PHD2nd\sunspotscar\data\M\20141217_185400_UTC\131,error,<HTTPError 502: 'Failed to open URL: http://jsoc.stanford.edu/cgi-bin/ajax/jsoc_fetch?op=exp_request&format=json&ds=aia.lev1_euv_12s%5B2014.12.17_18%3A24%3A35_TAI-2014.12.17_19%3A04%3A35_TAI%4036s%5D%5B131%5D%7Bimage%7D&notify=652024260007%40smail.nju.edu.cn&method=url&protocol=fits&filenamefmt=aia.lev1_euv_12s.%7BT_REC%3AA%7D.%7BWAVELNTH%7D.%7Bsegment%7D&process%3Dn=0&requester=652024260007 with 502 - Bad Gateway'>
90,2014-12-17 18:54:00,20141217_185400_UTC,211,True,0,C:\Learning\PHD2nd\sunspotscar\data\M\20141217_185400_UTC\211,error,<HTTPError 502: 'Failed to open URL: http://jsoc.stanford.edu/cgi-bin/ajax/jsoc_fetch?op=exp_request&format=json&ds=aia.lev1_euv_12s%5B2014.12.17_18%3A24%3A35_TAI-2014.12.17_19%3A04%3A35_TAI%4036s%5D%5B211%5D%7Bimage%7D&notify=652024260007%40smail.nju.edu.cn&method=url&protocol=fits&filenamefmt=aia.lev1_euv_12s.%7BT_REC%3AA%7D.%7BWAVELNTH%7D.%7Bsegment%7D&process%3Dn=0&requester=652024260007 with 502 - Bad Gateway'>
90,2014-12-17 18:54:00,20141217_185400_UTC,304,True,0,C:\Learning\PHD2nd\sunspotscar\data\M\20141217_185400_UTC\304,error,<HTTPError 502: 'Failed to open URL: http://jsoc.stanford.edu/cgi-bin/ajax/jsoc_fetch?op=exp_request&format=json&ds=aia.lev1_euv_12s%5B2014.12.17_18%3A24%3A35_TAI-2014.12.17_19%3A04%3A35_TAI%4036s%5D%5B304%5D%7Bimage%7D&notify=652024260007%40smail.nju.edu.cn&method=url&protocol=fits&filenamefmt=aia.lev1_euv_12s.%7BT_REC%3AA%7D.%7BWAVELNTH%7D.%7Bsegment%7D&process%3Dn=0&requester=652024260007 with 502 - Bad Gateway'>
90,2014-12-17 18:54:00,20141217_185400_UTC,hmi.Ic_45s,True,0,C:\Learning\PHD2nd\sunspotscar\data\M\20141217_185400_UTC\hmi.Ic_45s,error,<HTTPError 502: 'Failed to open URL: http://jsoc.stanford.edu/cgi-bin/ajax/jsoc_fetch?op=exp_request&format=json&ds=hmi.Ic_45s%5B2014.12.17_18%3A24%3A35_TAI-2014.12.17_19%3A04%3A35_TAI%5D%7Bcontinuum%7D&notify=652024260007%40smail.nju.edu.cn&method=url&protocol=fits&filenamefmt=hmi.ic_45s.%7BT_REC%3AA%7D.%7BCAMERA%7D.%7Bsegment%7D&process%3Dn=0&requester=652024260007 with 502 - Bad Gateway'>
91,2014-12-18 21:41:00,20141218_214100_UTC,131,True,0,C:\Learning\PHD2nd\sunspotscar\data\M\20141218_214100_UTC\131,error,<HTTPError 502: 'Failed to open URL: http://jsoc.stanford.edu/cgi-bin/ajax/jsoc_fetch?op=exp_request&format=json&ds=aia.lev1_euv_12s%5B2014.12.18_21%3A11%3A35_TAI-2014.12.18_21%3A51%3A35_TAI%4036s%5D%5B131%5D%7Bimage%7D&notify=652024260007%40smail.nju.edu.cn&method=url&protocol=fits&filenamefmt=aia.lev1_euv_12s.%7BT_REC%3AA%7D.%7BWAVELNTH%7D.%7Bsegment%7D&process%3Dn=0&requester=652024260007 with 502 - Bad Gateway'>
91,2014-12-18 21:41:00,20141218_214100_UTC,211,True,0,C:\Learning\PHD2nd\sunspotscar\data\M\20141218_214100_UTC\211,error,<HTTPError 502: 'Failed to open URL: http://jsoc.stanford.edu/cgi-bin/ajax/jsoc_fetch?op=exp_request&format=json&ds=aia.lev1_euv_12s%5B2014.12.18_21%3A11%3A35_TAI-2014.12.18_21%3A51%3A35_TAI%4036s%5D%5B211%5D%7Bimage%7D&notify=652024260007%40smail.nju.edu.cn&method=url&protocol=fits&filenamefmt=aia.lev1_euv_12s.%7BT_REC%3AA%7D.%7BWAVELNTH%7D.%7Bsegment%7D&process%3Dn=0&requester=652024260007 with 502 - Bad Gateway'>
91,2014-12-18 21:41:00,20141218_214100_UTC,304,True,0,C:\Learning\PHD2nd\sunspotscar\data\M\20141218_214100_UTC\304,error,<HTTPError 502: 'Failed to open URL: http://jsoc.stanford.edu/cgi-bin/ajax/jsoc_fetch?op=exp_request&format=json&ds=aia.lev1_euv_12s%5B2014.12.18_21%3A11%3A35_TAI-2014.12.18_21%3A51%3A35_TAI%4036s%5D%5B304%5D%7Bimage%7D&notify=652024260007%40smail.nju.edu.cn&method=url&protocol=fits&filenamefmt=aia.lev1_euv_12s.%7BT_REC%3AA%7D.%7BWAVELNTH%7D.%7Bsegment%7D&process%3Dn=0&requester=652024260007 with 502 - Bad Gateway'>
91,2014-12-18 21:41:00,20141218_214100_UTC,hmi.Ic_45s,True,0,C:\Learning\PHD2nd\sunspotscar\data\M\20141218_214100_UTC\hmi.Ic_45s,error,<HTTPError 502: 'Failed to open URL: http://jsoc.stanford.edu/cgi-bin/ajax/jsoc_fetch?op=exp_request&format=json&ds=hmi.Ic_45s%5B2014.12.18_21%3A11%3A35_TAI-2014.12.18_21%3A51%3A35_TAI%5D%7Bcontinuum%7D&notify=652024260007%40smail.nju.edu.cn&method=url&protocol=fits&filenamefmt=hmi.ic_45s.%7BT_REC%3AA%7D.%7BCAMERA%7D.%7Bsegment%7D&process%3Dn=0&requester=652024260007 with 502 - Bad Gateway'>
92,2014-12-19 09:31:00,20141219_093100_UTC,131,True,0,C:\Learning\PHD2nd\sunspotscar\data\M\20141219_093100_UTC\131,error,<HTTPError 502: 'Failed to open URL: http://jsoc.stanford.edu/cgi-bin/ajax/jsoc_fetch?op=exp_request&format=json&ds=aia.lev1_euv_12s%5B2014.12.19_09%3A01%3A35_TAI-2014.12.19_09%3A41%3A35_TAI%4036s%5D%5B131%5D%7Bimage%7D&notify=652024260007%40smail.nju.edu.cn&method=url&protocol=fits&filenamefmt=aia.lev1_euv_12s.%7BT_REC%3AA%7D.%7BWAVELNTH%7D.%7Bsegment%7D&process%3Dn=0&requester=652024260007 with 502 - Bad Gateway'>
92,2014-12-19 09:31:00,20141219_093100_UTC,211,True,0,C:\Learning\PHD2nd\sunspotscar\data\M\20141219_093100_UTC\211,error,<HTTPError 502: 'Failed to open URL: http://jsoc.stanford.edu/cgi-bin/ajax/jsoc_fetch?op=exp_request&format=json&ds=aia.lev1_euv_12s%5B2014.12.19_09%3A01%3A35_TAI-2014.12.19_09%3A41%3A35_TAI%4036s%5D%5B211%5D%7Bimage%7D&notify=652024260007%40smail.nju.edu.cn&method=url&protocol=fits&filenamefmt=aia.lev1_euv_12s.%7BT_REC%3AA%7D.%7BWAVELNTH%7D.%7Bsegment%7D&process%3Dn=0&requester=652024260007 with 502 - Bad Gateway'>
92,2014-12-19 09:31:00,20141219_093100_UTC,304,True,0,C:\Learning\PHD2nd\sunspotscar\data\M\20141219_093100_UTC\304,error,<HTTPError 502: 'Failed to open URL: http://jsoc.stanford.edu/cgi-bin/ajax/jsoc_fetch?op=exp_request&format=json&ds=aia.lev1_euv_12s%5B2014.12.19_09%3A01%3A35_TAI-2014.12.19_09%3A41%3A35_TAI%4036s%5D%5B304%5D%7Bimage%7D&notify=652024260007%40smail.nju.edu.cn&method=url&protocol=fits&filenamefmt=aia.lev1_euv_12s.%7BT_REC%3AA%7D.%7BWAVELNTH%7D.%7Bsegment%7D&process%3Dn=0&requester=652024260007 with 502 - Bad Gateway'>
92,2014-12-19 09:31:00,20141219_093100_UTC,hmi.Ic_45s,True,0,C:\Learning\PHD2nd\sunspotscar\data\M\20141219_093100_UTC\hmi.Ic_45s,error,<HTTPError 502: 'Failed to open URL: http://jsoc.stanford.edu/cgi-bin/ajax/jsoc_fetch?op=exp_request&format=json&ds=hmi.Ic_45s%5B2014.12.19_09%3A01%3A35_TAI-2014.12.19_09%3A41%3A35_TAI%5D%7Bcontinuum%7D&notify=652024260007%40smail.nju.edu.cn&method=url&protocol=fits&filenamefmt=hmi.ic_45s.%7BT_REC%3AA%7D.%7BCAMERA%7D.%7Bsegment%7D&process%3Dn=0&requester=652024260007 with 502 - Bad Gateway'>
93,2014-12-21 11:24:00,20141221_112400_UTC,131,True,0,C:\Learning\PHD2nd\sunspotscar\data\M\20141221_112400_UTC\131,error,<HTTPError 502: 'Failed to open URL: http://jsoc.stanford.edu/cgi-bin/ajax/jsoc_fetch?op=exp_request&format=json&ds=aia.lev1_euv_12s%5B2014.12.21_10%3A54%3A35_TAI-2014.12.21_11%3A34%3A35_TAI%4036s%5D%5B131%5D%7Bimage%7D&notify=652024260007%40smail.nju.edu.cn&method=url&protocol=fits&filenamefmt=aia.lev1_euv_12s.%7BT_REC%3AA%7D.%7BWAVELNTH%7D.%7Bsegment%7D&process%3Dn=0&requester=652024260007 with 502 - Bad Gateway'>
93,2014-12-21 11:24:00,20141221_112400_UTC,211,True,0,C:\Learning\PHD2nd\sunspotscar\data\M\20141221_112400_UTC\211,error,<HTTPError 502: 'Failed to open URL: http://jsoc.stanford.edu/cgi-bin/ajax/jsoc_fetch?op=exp_request&format=json&ds=aia.lev1_euv_12s%5B2014.12.21_10%3A54%3A35_TAI-2014.12.21_11%3A34%3A35_TAI%4036s%5D%5B211%5D%7Bimage%7D&notify=652024260007%40smail.nju.edu.cn&method=url&protocol=fits&filenamefmt=aia.lev1_euv_12s.%7BT_REC%3AA%7D.%7BWAVELNTH%7D.%7Bsegment%7D&process%3Dn=0&requester=652024260007 with 502 - Bad Gateway'>
93,2014-12-21 11:24:00,20141221_112400_UTC,304,True,0,C:\Learning\PHD2nd\sunspotscar\data\M\20141221_112400_UTC\304,error,<HTTPError 502: 'Failed to open URL: http://jsoc.stanford.edu/cgi-bin/ajax/jsoc_fetch?op=exp_request&format=json&ds=aia.lev1_euv_12s%5B2014.12.21_10%3A54%3A35_TAI-2014.12.21_11%3A34%3A35_TAI%4036s%5D%5B304%5D%7Bimage%7D&notify=652024260007%40smail.nju.edu.cn&method=url&protocol=fits&filenamefmt=aia.lev1_euv_12s.%7BT_REC%3AA%7D.%7BWAVELNTH%7D.%7Bsegment%7D&process%3Dn=0&requester=652024260007 with 502 - Bad Gateway'>
93,2014-12-21 11:24:00,20141221_112400_UTC,hmi.Ic_45s,True,0,C:\Learning\PHD2nd\sunspotscar\data\M\20141221_112400_UTC\hmi.Ic_45s,error,<HTTPError 502: 'Failed to open URL: http://jsoc.stanford.edu/cgi-bin/ajax/jsoc_fetch?op=exp_request&format=json&ds=hmi.Ic_45s%5B2014.12.21_10%3A54%3A35_TAI-2014.12.21_11%3A34%3A35_TAI%5D%7Bcontinuum%7D&notify=652024260007%40smail.nju.edu.cn&method=url&protocol=fits&filenamefmt=hmi.ic_45s.%7BT_REC%3AA%7D.%7BCAMERA%7D.%7Bsegment%7D&process%3Dn=0&requester=652024260007 with 502 - Bad Gateway'>
94,2015-01-03 09:40:00,20150103_094000_UTC,131,True,0,C:\Learning\PHD2nd\sunspotscar\data\M\20150103_094000_UTC\131,error,<HTTPError 502: 'Failed to open URL: http://jsoc.stanford.edu/cgi-bin/ajax/jsoc_fetch?op=exp_request&format=json&ds=aia.lev1_euv_12s%5B2015.01.03_09%3A10%3A35_TAI-2015.01.03_09%3A50%3A35_TAI%4036s%5D%5B131%5D%7Bimage%7D&notify=652024260007%40smail.nju.edu.cn&method=url&protocol=fits&filenamefmt=aia.lev1_euv_12s.%7BT_REC%3AA%7D.%7BWAVELNTH%7D.%7Bsegment%7D&process%3Dn=0&requester=652024260007 with 502 - Bad Gateway'>
94,2015-01-03 09:40:00,20150103_094000_UTC,211,True,0,C:\Learning\PHD2nd\sunspotscar\data\M\20150103_094000_UTC\211,error,<HTTPError 502: 'Failed to open URL: http://jsoc.stanford.edu/cgi-bin/ajax/jsoc_fetch?op=exp_request&format=json&ds=aia.lev1_euv_12s%5B2015.01.03_09%3A10%3A35_TAI-2015.01.03_09%3A50%3A35_TAI%4036s%5D%5B211%5D%7Bimage%7D&notify=652024260007%40smail.nju.edu.cn&method=url&protocol=fits&filenamefmt=aia.lev1_euv_12s.%7BT_REC%3AA%7D.%7BWAVELNTH%7D.%7Bsegment%7D&process%3Dn=0&requester=652024260007 with 502 - Bad Gateway'>
94,2015-01-03 09:40:00,20150103_094000_UTC,304,True,0,C:\Learning\PHD2nd\sunspotscar\data\M\20150103_094000_UTC\304,error,<HTTPError 502: 'Failed to open URL: http://jsoc.stanford.edu/cgi-bin/ajax/jsoc_fetch?op=exp_request&format=json&ds=aia.lev1_euv_12s%5B2015.01.03_09%3A10%3A35_TAI-2015.01.03_09%3A50%3A35_TAI%4036s%5D%5B304%5D%7Bimage%7D&notify=652024260007%40smail.nju.edu.cn&method=url&protocol=fits&filenamefmt=aia.lev1_euv_12s.%7BT_REC%3AA%7D.%7BWAVELNTH%7D.%7Bsegment%7D&process%3Dn=0&requester=652024260007 with 502 - Bad Gateway'>
94,2015-01-03 09:40:00,20150103_094000_UTC,hmi.Ic_45s,True,0,C:\Learning\PHD2nd\sunspotscar\data\M\20150103_094000_UTC\hmi.Ic_45s,error,<HTTPError 502: 'Failed to open URL: http://jsoc.stanford.edu/cgi-bin/ajax/jsoc_fetch?op=exp_request&format=json&ds=hmi.Ic_45s%5B2015.01.03_09%3A10%3A35_TAI-2015.01.03_09%3A50%3A35_TAI%5D%7Bcontinuum%7D&notify=652024260007%40smail.nju.edu.cn&method=url&protocol=fits&filenamefmt=hmi.ic_45s.%7BT_REC%3AA%7D.%7BCAMERA%7D.%7Bsegment%7D&process%3Dn=0&requester=652024260007 with 502 - Bad Gateway'>
95,2015-01-04 15:18:00,20150104_151800_UTC,131,True,0,C:\Learning\PHD2nd\sunspotscar\data\M\20150104_151800_UTC\131,error,<HTTPError 502: 'Failed to open URL: http://jsoc.stanford.edu/cgi-bin/ajax/jsoc_fetch?op=exp_request&format=json&ds=aia.lev1_euv_12s%5B2015.01.04_14%3A48%3A35_TAI-2015.01.04_15%3A28%3A35_TAI%4036s%5D%5B131%5D%7Bimage%7D&notify=652024260007%40smail.nju.edu.cn&method=url&protocol=fits&filenamefmt=aia.lev1_euv_12s.%7BT_REC%3AA%7D.%7BWAVELNTH%7D.%7Bsegment%7D&process%3Dn=0&requester=652024260007 with 502 - Bad Gateway'>
95,2015-01-04 15:18:00,20150104_151800_UTC,211,True,0,C:\Learning\PHD2nd\sunspotscar\data\M\20150104_151800_UTC\211,error,<HTTPError 502: 'Failed to open URL: http://jsoc.stanford.edu/cgi-bin/ajax/jsoc_fetch?op=exp_request&format=json&ds=aia.lev1_euv_12s%5B2015.01.04_14%3A48%3A35_TAI-2015.01.04_15%3A28%3A35_TAI%4036s%5D%5B211%5D%7Bimage%7D&notify=652024260007%40smail.nju.edu.cn&method=url&protocol=fits&filenamefmt=aia.lev1_euv_12s.%7BT_REC%3AA%7D.%7BWAVELNTH%7D.%7Bsegment%7D&process%3Dn=0&requester=652024260007 with 502 - Bad Gateway'>
95,2015-01-04 15:18:00,20150104_151800_UTC,304,True,0,C:\Learning\PHD2nd\sunspotscar\data\M\20150104_151800_UTC\304,error,<HTTPError 502: 'Failed to open URL: http://jsoc.stanford.edu/cgi-bin/ajax/jsoc_fetch?op=exp_request&format=json&ds=aia.lev1_euv_12s%5B2015.01.04_14%3A48%3A35_TAI-2015.01.04_15%3A28%3A35_TAI%4036s%5D%5B304%5D%7Bimage%7D&notify=652024260007%40smail.nju.edu.cn&method=url&protocol=fits&filenamefmt=aia.lev1_euv_12s.%7BT_REC%3AA%7D.%7BWAVELNTH%7D.%7Bsegment%7D&process%3Dn=0&requester=652024260007 with 502 - Bad Gateway'>
95,2015-01-04 15:18:00,20150104_151800_UTC,hmi.Ic_45s,True,0,C:\Learning\PHD2nd\sunspotscar\data\M\20150104_151800_UTC\hmi.Ic_45s,error,<HTTPError 502: 'Failed to open URL: http://jsoc.stanford.edu/cgi-bin/ajax/jsoc_fetch?op=exp_request&format=json&ds=hmi.Ic_45s%5B2015.01.04_14%3A48%3A35_TAI-2015.01.04_15%3A28%3A35_TAI%5D%7Bcontinuum%7D&notify=652024260007%40smail.nju.edu.cn&method=url&protocol=fits&filenamefmt=hmi.ic_45s.%7BT_REC%3AA%7D.%7BCAMERA%7D.%7Bsegment%7D&process%3Dn=0&requester=652024260007 with 502 - Bad Gateway'>
96,2015-01-26 16:46:00,20150126_164600_UTC,131,True,0,C:\Learning\PHD2nd\sunspotscar\data\M\20150126_164600_UTC\131,error,<HTTPError 502: 'Failed to open URL: http://jsoc.stanford.edu/cgi-bin/ajax/jsoc_fetch?op=exp_request&format=json&ds=aia.lev1_euv_12s%5B2015.01.26_16%3A16%3A35_TAI-2015.01.26_16%3A56%3A35_TAI%4036s%5D%5B131%5D%7Bimage%7D&notify=652024260007%40smail.nju.edu.cn&method=url&protocol=fits&filenamefmt=aia.lev1_euv_12s.%7BT_REC%3AA%7D.%7BWAVELNTH%7D.%7Bsegment%7D&process%3Dn=0&requester=652024260007 with 502 - Bad Gateway'>
96,2015-01-26 16:46:00,20150126_164600_UTC,211,True,0,C:\Learning\PHD2nd\sunspotscar\data\M\20150126_164600_UTC\211,error,<HTTPError 502: 'Failed to open URL: http://jsoc.stanford.edu/cgi-bin/ajax/jsoc_fetch?op=exp_request&format=json&ds=aia.lev1_euv_12s%5B2015.01.26_16%3A16%3A35_TAI-2015.01.26_16%3A56%3A35_TAI%4036s%5D%5B211%5D%7Bimage%7D&notify=652024260007%40smail.nju.edu.cn&method=url&protocol=fits&filenamefmt=aia.lev1_euv_12s.%7BT_REC%3AA%7D.%7BWAVELNTH%7D.%7Bsegment%7D&process%3Dn=0&requester=652024260007 with 502 - Bad Gateway'>
96,2015-01-26 16:46:00,20150126_164600_UTC,304,True,0,C:\Learning\PHD2nd\sunspotscar\data\M\20150126_164600_UTC\304,error,<HTTPError 502: 'Failed to open URL: http://jsoc.stanford.edu/cgi-bin/ajax/jsoc_fetch?op=exp_request&format=json&ds=aia.lev1_euv_12s%5B2015.01.26_16%3A16%3A35_TAI-2015.01.26_16%3A56%3A35_TAI%4036s%5D%5B304%5D%7Bimage%7D&notify=652024260007%40smail.nju.edu.cn&method=url&protocol=fits&filenamefmt=aia.lev1_euv_12s.%7BT_REC%3AA%7D.%7BWAVELNTH%7D.%7Bsegment%7D&process%3Dn=0&requester=652024260007 with 502 - Bad Gateway'>
96,2015-01-26 16:46:00,20150126_164600_UTC,hmi.Ic_45s,True,0,C:\Learning\PHD2nd\sunspotscar\data\M\20150126_164600_UTC\hmi.Ic_45s,error,<HTTPError 502: 'Failed to open URL: http://jsoc.stanford.edu/cgi-bin/ajax/jsoc_fetch?op=exp_request&format=json&ds=hmi.Ic_45s%5B2015.01.26_16%3A16%3A35_TAI-2015.01.26_16%3A56%3A35_TAI%5D%7Bcontinuum%7D&notify=652024260007%40smail.nju.edu.cn&method=url&protocol=fits&filenamefmt=hmi.ic_45s.%7BT_REC%3AA%7D.%7BCAMERA%7D.%7Bsegment%7D&process%3Dn=0&requester=652024260007 with 502 - Bad Gateway'>
97,2015-01-28 04:21:00,20150128_042100_UTC,131,True,0,C:\Learning\PHD2nd\sunspotscar\data\M\20150128_042100_UTC\131,error,<HTTPError 502: 'Failed to open URL: http://jsoc.stanford.edu/cgi-bin/ajax/jsoc_fetch?op=exp_request&format=json&ds=aia.lev1_euv_12s%5B2015.01.28_03%3A51%3A35_TAI-2015.01.28_04%3A31%3A35_TAI%4036s%5D%5B131%5D%7Bimage%7D&notify=652024260007%40smail.nju.edu.cn&method=url&protocol=fits&filenamefmt=aia.lev1_euv_12s.%7BT_REC%3AA%7D.%7BWAVELNTH%7D.%7Bsegment%7D&process%3Dn=0&requester=652024260007 with 502 - Bad Gateway'>
97,2015-01-28 04:21:00,20150128_042100_UTC,211,True,0,C:\Learning\PHD2nd\sunspotscar\data\M\20150128_042100_UTC\211,error,<HTTPError 502: 'Failed to open URL: http://jsoc.stanford.edu/cgi-bin/ajax/jsoc_fetch?op=exp_request&format=json&ds=aia.lev1_euv_12s%5B2015.01.28_03%3A51%3A35_TAI-2015.01.28_04%3A31%3A35_TAI%4036s%5D%5B211%5D%7Bimage%7D&notify=652024260007%40smail.nju.edu.cn&method=url&protocol=fits&filenamefmt=aia.lev1_euv_12s.%7BT_REC%3AA%7D.%7BWAVELNTH%7D.%7Bsegment%7D&process%3Dn=0&requester=652024260007 with 502 - Bad Gateway'>
97,2015-01-28 04:21:00,20150128_042100_UTC,304,True,0,C:\Learning\PHD2nd\sunspotscar\data\M\20150128_042100_UTC\304,error,<HTTPError 502: 'Failed to open URL: http://jsoc.stanford.edu/cgi-bin/ajax/jsoc_fetch?op=exp_request&format=json&ds=aia.lev1_euv_12s%5B2015.01.28_03%3A51%3A35_TAI-2015.01.28_04%3A31%3A35_TAI%4036s%5D%5B304%5D%7Bimage%7D&notify=652024260007%40smail.nju.edu.cn&method=url&protocol=fits&filenamefmt=aia.lev1_euv_12s.%7BT_REC%3AA%7D.%7BWAVELNTH%7D.%7Bsegment%7D&process%3Dn=0&requester=652024260007 with 502 - Bad Gateway'>
97,2015-01-28 04:21:00,20150128_042100_UTC,hmi.Ic_45s,True,0,C:\Learning\PHD2nd\sunspotscar\data\M\20150128_042100_UTC\hmi.Ic_45s,error,<HTTPError 502: 'Failed to open URL: http://jsoc.stanford.edu/cgi-bin/ajax/jsoc_fetch?op=exp_request&format=json&ds=hmi.Ic_45s%5B2015.01.28_03%3A51%3A35_TAI-2015.01.28_04%3A31%3A35_TAI%5D%7Bcontinuum%7D&notify=652024260007%40smail.nju.edu.cn&method=url&protocol=fits&filenamefmt=hmi.ic_45s.%7BT_REC%3AA%7D.%7BCAMERA%7D.%7Bsegment%7D&process%3Dn=0&requester=652024260007 with 502 - Bad Gateway'>
98,2015-01-29 11:32:00,20150129_113200_UTC,131,True,0,C:\Learning\PHD2nd\sunspotscar\data\M\20150129_113200_UTC\131,error,<HTTPError 502: 'Failed to open URL: http://jsoc.stanford.edu/cgi-bin/ajax/jsoc_fetch?op=exp_request&format=json&ds=aia.lev1_euv_12s%5B2015.01.29_11%3A02%3A35_TAI-2015.01.29_11%3A42%3A35_TAI%4036s%5D%5B131%5D%7Bimage%7D&notify=652024260007%40smail.nju.edu.cn&method=url&protocol=fits&filenamefmt=aia.lev1_euv_12s.%7BT_REC%3AA%7D.%7BWAVELNTH%7D.%7Bsegment%7D&process%3Dn=0&requester=652024260007 with 502 - Bad Gateway'>
98,2015-01-29 11:32:00,20150129_113200_UTC,211,True,0,C:\Learning\PHD2nd\sunspotscar\data\M\20150129_113200_UTC\211,error,<HTTPError 502: 'Failed to open URL: http://jsoc.stanford.edu/cgi-bin/ajax/jsoc_fetch?op=exp_request&format=json&ds=aia.lev1_euv_12s%5B2015.01.29_11%3A02%3A35_TAI-2015.01.29_11%3A42%3A35_TAI%4036s%5D%5B211%5D%7Bimage%7D&notify=652024260007%40smail.nju.edu.cn&method=url&protocol=fits&filenamefmt=aia.lev1_euv_12s.%7BT_REC%3AA%7D.%7BWAVELNTH%7D.%7Bsegment%7D&process%3Dn=0&requester=652024260007 with 502 - Bad Gateway'>
98,2015-01-29 11:32:00,20150129_113200_UTC,304,True,0,C:\Learning\PHD2nd\sunspotscar\data\M\20150129_113200_UTC\304,error,<HTTPError 502: 'Failed to open URL: http://jsoc.stanford.edu/cgi-bin/ajax/jsoc_fetch?op=exp_request&format=json&ds=aia.lev1_euv_12s%5B2015.01.29_11%3A02%3A35_TAI-2015.01.29_11%3A42%3A35_TAI%4036s%5D%5B304%5D%7Bimage%7D&notify=652024260007%40smail.nju.edu.cn&method=url&protocol=fits&filenamefmt=aia.lev1_euv_12s.%7BT_REC%3AA%7D.%7BWAVELNTH%7D.%7Bsegment%7D&process%3Dn=0&requester=652024260007 with 502 - Bad Gateway'>
98,2015-01-29 11:32:00,20150129_113200_UTC,hmi.Ic_45s,True,0,C:\Learning\PHD2nd\sunspotscar\data\M\20150129_113200_UTC\hmi.Ic_45s,error,<HTTPError 502: 'Failed to open URL: http://jsoc.stanford.edu/cgi-bin/ajax/jsoc_fetch?op=exp_request&format=json&ds=hmi.Ic_45s%5B2015.01.29_11%3A02%3A35_TAI-2015.01.29_11%3A42%3A35_TAI%5D%7Bcontinuum%7D&notify=652024260007%40smail.nju.edu.cn&method=url&protocol=fits&filenamefmt=hmi.ic_45s.%7BT_REC%3AA%7D.%7BCAMERA%7D.%7Bsegment%7D&process%3Dn=0&requester=652024260007 with 502 - Bad Gateway'>
99,2015-01-30 00:32:00,20150130_003200_UTC,131,True,0,C:\Learning\PHD2nd\sunspotscar\data\M\20150130_003200_UTC\131,error,<HTTPError 502: 'Failed to open URL: http://jsoc.stanford.edu/cgi-bin/ajax/jsoc_fetch?op=exp_request&format=json&ds=aia.lev1_euv_12s%5B2015.01.30_00%3A02%3A35_TAI-2015.01.30_00%3A42%3A35_TAI%4036s%5D%5B131%5D%7Bimage%7D&notify=652024260007%40smail.nju.edu.cn&method=url&protocol=fits&filenamefmt=aia.lev1_euv_12s.%7BT_REC%3AA%7D.%7BWAVELNTH%7D.%7Bsegment%7D&process%3Dn=0&requester=652024260007 with 502 - Bad Gateway'>
99,2015-01-30 00:32:00,20150130_003200_UTC,211,True,0,C:\Learning\PHD2nd\sunspotscar\data\M\20150130_003200_UTC\211,error,<HTTPError 502: 'Failed to open URL: http://jsoc.stanford.edu/cgi-bin/ajax/jsoc_fetch?op=exp_request&format=json&ds=aia.lev1_euv_12s%5B2015.01.30_00%3A02%3A35_TAI-2015.01.30_00%3A42%3A35_TAI%4036s%5D%5B211%5D%7Bimage%7D&notify=652024260007%40smail.nju.edu.cn&method=url&protocol=fits&filenamefmt=aia.lev1_euv_12s.%7BT_REC%3AA%7D.%7BWAVELNTH%7D.%7Bsegment%7D&process%3Dn=0&requester=652024260007 with 502 - Bad Gateway'>
99,2015-01-30 00:32:00,20150130_003200_UTC,304,True,0,C:\Learning\PHD2nd\sunspotscar\data\M\20150130_003200_UTC\304,error,<HTTPError 502: 'Failed to open URL: http://jsoc.stanford.edu/cgi-bin/ajax/jsoc_fetch?op=exp_request&format=json&ds=aia.lev1_euv_12s%5B2015.01.30_00%3A02%3A35_TAI-2015.01.30_00%3A42%3A35_TAI%4036s%5D%5B304%5D%7Bimage%7D&notify=652024260007%40smail.nju.edu.cn&method=url&protocol=fits&filenamefmt=aia.lev1_euv_12s.%7BT_REC%3AA%7D.%7BWAVELNTH%7D.%7Bsegment%7D&process%3Dn=0&requester=652024260007 with 502 - Bad Gateway'>
99,2015-01-30 00:32:00,20150130_003200_UTC,hmi.Ic_45s,True,0,C:\Learning\PHD2nd\sunspotscar\data\M\20150130_003200_UTC\hmi.Ic_45s,error,<HTTPError 502: 'Failed to open URL: http://jsoc.stanford.edu/cgi-bin/ajax/jsoc_fetch?op=exp_request&format=json&ds=hmi.Ic_45s%5B2015.01.30_00%3A02%3A35_TAI-2015.01.30_00%3A42%3A35_TAI%5D%7Bcontinuum%7D&notify=652024260007%40smail.nju.edu.cn&method=url&protocol=fits&filenamefmt=hmi.ic_45s.%7BT_REC%3AA%7D.%7BCAMERA%7D.%7Bsegment%7D&process%3Dn=0&requester=652024260007 with 502 - Bad Gateway'>
100,2015-01-30 05:29:00,20150130_052900_UTC,131,True,0,C:\Learning\PHD2nd\sunspotscar\data\M\20150130_052900_UTC\131,error,<HTTPError 502: 'Failed to open URL: http://jsoc.stanford.edu/cgi-bin/ajax/jsoc_fetch?op=exp_request&format=json&ds=aia.lev1_euv_12s%5B2015.01.30_04%3A59%3A35_TAI-2015.01.30_05%3A39%3A35_TAI%4036s%5D%5B131%5D%7Bimage%7D&notify=652024260007%40smail.nju.edu.cn&method=url&protocol=fits&filenamefmt=aia.lev1_euv_12s.%7BT_REC%3AA%7D.%7BWAVELNTH%7D.%7Bsegment%7D&process%3Dn=0&requester=652024260007 with 502 - Bad Gateway'>
100,2015-01-30 05:29:00,20150130_052900_UTC,211,True,0,C:\Learning\PHD2nd\sunspotscar\data\M\20150130_052900_UTC\211,error,<HTTPError 502: 'Failed to open URL: http://jsoc.stanford.edu/cgi-bin/ajax/jsoc_fetch?op=exp_request&format=json&ds=aia.lev1_euv_12s%5B2015.01.30_04%3A59%3A35_TAI-2015.01.30_05%3A39%3A35_TAI%4036s%5D%5B211%5D%7Bimage%7D&notify=652024260007%40smail.nju.edu.cn&method=url&protocol=fits&filenamefmt=aia.lev1_euv_12s.%7BT_REC%3AA%7D.%7BWAVELNTH%7D.%7Bsegment%7D&process%3Dn=0&requester=652024260007 with 502 - Bad Gateway'>
100,2015-01-30 05:29:00,20150130_052900_UTC,304,True,0,C:\Learning\PHD2nd\sunspotscar\data\M\20150130_052900_UTC\304,error,<HTTPError 502: 'Failed to open URL: http://jsoc.stanford.edu/cgi-bin/ajax/jsoc_fetch?op=exp_request&format=json&ds=aia.lev1_euv_12s%5B2015.01.30_04%3A59%3A35_TAI-2015.01.30_05%3A39%3A35_TAI%4036s%5D%5B304%5D%7Bimage%7D&notify=652024260007%40smail.nju.edu.cn&method=url&protocol=fits&filenamefmt=aia.lev1_euv_12s.%7BT_REC%3AA%7D.%7BWAVELNTH%7D.%7Bsegment%7D&process%3Dn=0&requester=652024260007 with 502 - Bad Gateway'>
100,2015-01-30 05:29:00,20150130_052900_UTC,hmi.Ic_45s,True,0,C:\Learning\PHD2nd\sunspotscar\data\M\20150130_052900_UTC\hmi.Ic_45s,error,<HTTPError 502: 'Failed to open URL: http://jsoc.stanford.edu/cgi-bin/ajax/jsoc_fetch?op=exp_request&format=json&ds=hmi.Ic_45s%5B2015.01.30_04%3A59%3A35_TAI-2015.01.30_05%3A39%3A35_TAI%5D%7Bcontinuum%7D&notify=652024260007%40smail.nju.edu.cn&method=url&protocol=fits&filenamefmt=hmi.ic_45s.%7BT_REC%3AA%7D.%7BCAMERA%7D.%7Bsegment%7D&process%3Dn=0&requester=652024260007 with 502 - Bad Gateway'>
101,2015-02-04 02:08:00,20150204_020800_UTC,131,True,0,C:\Learning\PHD2nd\sunspotscar\data\M\20150204_020800_UTC\131,error,<HTTPError 502: 'Failed to open URL: http://jsoc.stanford.edu/cgi-bin/ajax/jsoc_fetch?op=exp_request&format=json&ds=aia.lev1_euv_12s%5B2015.02.04_01%3A38%3A35_TAI-2015.02.04_02%3A18%3A35_TAI%4036s%5D%5B131%5D%7Bimage%7D&notify=652024260007%40smail.nju.edu.cn&method=url&protocol=fits&filenamefmt=aia.lev1_euv_12s.%7BT_REC%3AA%7D.%7BWAVELNTH%7D.%7Bsegment%7D&process%3Dn=0&requester=652024260007 with 502 - Bad Gateway'>
101,2015-02-04 02:08:00,20150204_020800_UTC,211,True,0,C:\Learning\PHD2nd\sunspotscar\data\M\20150204_020800_UTC\211,error,<HTTPError 502: 'Failed to open URL: http://jsoc.stanford.edu/cgi-bin/ajax/jsoc_fetch?op=exp_request&format=json&ds=aia.lev1_euv_12s%5B2015.02.04_01%3A38%3A35_TAI-2015.02.04_02%3A18%3A35_TAI%4036s%5D%5B211%5D%7Bimage%7D&notify=652024260007%40smail.nju.edu.cn&method=url&protocol=fits&filenamefmt=aia.lev1_euv_12s.%7BT_REC%3AA%7D.%7BWAVELNTH%7D.%7Bsegment%7D&process%3Dn=0&requester=652024260007 with 502 - Bad Gateway'>
101,2015-02-04 02:08:00,20150204_020800_UTC,304,True,0,C:\Learning\PHD2nd\sunspotscar\data\M\20150204_020800_UTC\304,error,<HTTPError 502: 'Failed to open URL: http://jsoc.stanford.edu/cgi-bin/ajax/jsoc_fetch?op=exp_request&format=json&ds=aia.lev1_euv_12s%5B2015.02.04_01%3A38%3A35_TAI-2015.02.04_02%3A18%3A35_TAI%4036s%5D%5B304%5D%7Bimage%7D&notify=652024260007%40smail.nju.edu.cn&method=url&protocol=fits&filenamefmt=aia.lev1_euv_12s.%7BT_REC%3AA%7D.%7BWAVELNTH%7D.%7Bsegment%7D&process%3Dn=0&requester=652024260007 with 502 - Bad Gateway'>
101,2015-02-04 02:08:00,20150204_020800_UTC,hmi.Ic_45s,True,0,C:\Learning\PHD2nd\sunspotscar\data\M\20150204_020800_UTC\hmi.Ic_45s,error,<HTTPError 502: 'Failed to open URL: http://jsoc.stanford.edu/cgi-bin/ajax/jsoc_fetch?op=exp_request&format=json&ds=hmi.Ic_45s%5B2015.02.04_01%3A38%3A35_TAI-2015.02.04_02%3A18%3A35_TAI%5D%7Bcontinuum%7D&notify=652024260007%40smail.nju.edu.cn&method=url&protocol=fits&filenamefmt=hmi.ic_45s.%7BT_REC%3AA%7D.%7BCAMERA%7D.%7Bsegment%7D&process%3Dn=0&requester=652024260007 with 502 - Bad Gateway'>
102,2015-03-10 23:46:00,20150310_234600_UTC,131,True,0,C:\Learning\PHD2nd\sunspotscar\data\M\20150310_234600_UTC\131,error,<HTTPError 502: 'Failed to open URL: http://jsoc.stanford.edu/cgi-bin/ajax/jsoc_fetch?op=exp_request&format=json&ds=aia.lev1_euv_12s%5B2015.03.10_23%3A16%3A35_TAI-2015.03.10_23%3A56%3A35_TAI%4036s%5D%5B131%5D%7Bimage%7D&notify=652024260007%40smail.nju.edu.cn&method=url&protocol=fits&filenamefmt=aia.lev1_euv_12s.%7BT_REC%3AA%7D.%7BWAVELNTH%7D.%7Bsegment%7D&process%3Dn=0&requester=652024260007 with 502 - Bad Gateway'>
102,2015-03-10 23:46:00,20150310_234600_UTC,211,True,0,C:\Learning\PHD2nd\sunspotscar\data\M\20150310_234600_UTC\211,error,<HTTPError 502: 'Failed to open URL: http://jsoc.stanford.edu/cgi-bin/ajax/jsoc_fetch?op=exp_request&format=json&ds=aia.lev1_euv_12s%5B2015.03.10_23%3A16%3A35_TAI-2015.03.10_23%3A56%3A35_TAI%4036s%5D%5B211%5D%7Bimage%7D&notify=652024260007%40smail.nju.edu.cn&method=url&protocol=fits&filenamefmt=aia.lev1_euv_12s.%7BT_REC%3AA%7D.%7BWAVELNTH%7D.%7Bsegment%7D&process%3Dn=0&requester=652024260007 with 502 - Bad Gateway'>
102,2015-03-10 23:46:00,20150310_234600_UTC,304,True,0,C:\Learning\PHD2nd\sunspotscar\data\M\20150310_234600_UTC\304,error,<HTTPError 502: 'Failed to open URL: http://jsoc.stanford.edu/cgi-bin/ajax/jsoc_fetch?op=exp_request&format=json&ds=aia.lev1_euv_12s%5B2015.03.10_23%3A16%3A35_TAI-2015.03.10_23%3A56%3A35_TAI%4036s%5D%5B304%5D%7Bimage%7D&notify=652024260007%40smail.nju.edu.cn&method=url&protocol=fits&filenamefmt=aia.lev1_euv_12s.%7BT_REC%3AA%7D.%7BWAVELNTH%7D.%7Bsegment%7D&process%3Dn=0&requester=652024260007 with 502 - Bad Gateway'>
102,2015-03-10 23:46:00,20150310_234600_UTC,hmi.Ic_45s,True,0,C:\Learning\PHD2nd\sunspotscar\data\M\20150310_234600_UTC\hmi.Ic_45s,error,<HTTPError 502: 'Failed to open URL: http://jsoc.stanford.edu/cgi-bin/ajax/jsoc_fetch?op=exp_request&format=json&ds=hmi.Ic_45s%5B2015.03.10_23%3A16%3A35_TAI-2015.03.10_23%3A56%3A35_TAI%5D%7Bcontinuum%7D&notify=652024260007%40smail.nju.edu.cn&method=url&protocol=fits&filenamefmt=hmi.ic_45s.%7BT_REC%3AA%7D.%7BCAMERA%7D.%7Bsegment%7D&process%3Dn=0&requester=652024260007 with 502 - Bad Gateway'>
103,2015-03-11 07:10:00,20150311_071000_UTC,131,True,0,C:\Learning\PHD2nd\sunspotscar\data\M\20150311_071000_UTC\131,error,<HTTPError 502: 'Failed to open URL: http://jsoc.stanford.edu/cgi-bin/ajax/jsoc_fetch?op=exp_request&format=json&ds=aia.lev1_euv_12s%5B2015.03.11_06%3A40%3A35_TAI-2015.03.11_07%3A20%3A35_TAI%4036s%5D%5B131%5D%7Bimage%7D&notify=652024260007%40smail.nju.edu.cn&method=url&protocol=fits&filenamefmt=aia.lev1_euv_12s.%7BT_REC%3AA%7D.%7BWAVELNTH%7D.%7Bsegment%7D&process%3Dn=0&requester=652024260007 with 502 - Bad Gateway'>
103,2015-03-11 07:10:00,20150311_071000_UTC,211,True,0,C:\Learning\PHD2nd\sunspotscar\data\M\20150311_071000_UTC\211,error,<HTTPError 502: 'Failed to open URL: http://jsoc.stanford.edu/cgi-bin/ajax/jsoc_fetch?op=exp_request&format=json&ds=aia.lev1_euv_12s%5B2015.03.11_06%3A40%3A35_TAI-2015.03.11_07%3A20%3A35_TAI%4036s%5D%5B211%5D%7Bimage%7D&notify=652024260007%40smail.nju.edu.cn&method=url&protocol=fits&filenamefmt=aia.lev1_euv_12s.%7BT_REC%3AA%7D.%7BWAVELNTH%7D.%7Bsegment%7D&process%3Dn=0&requester=652024260007 with 502 - Bad Gateway'>
103,2015-03-11 07:10:00,20150311_071000_UTC,304,True,0,C:\Learning\PHD2nd\sunspotscar\data\M\20150311_071000_UTC\304,error,<HTTPError 502: 'Failed to open URL: http://jsoc.stanford.edu/cgi-bin/ajax/jsoc_fetch?op=exp_request&format=json&ds=aia.lev1_euv_12s%5B2015.03.11_06%3A40%3A35_TAI-2015.03.11_07%3A20%3A35_TAI%4036s%5D%5B304%5D%7Bimage%7D&notify=652024260007%40smail.nju.edu.cn&method=url&protocol=fits&filenamefmt=aia.lev1_euv_12s.%7BT_REC%3AA%7D.%7BWAVELNTH%7D.%7Bsegment%7D&process%3Dn=0&requester=652024260007 with 502 - Bad Gateway'>
103,2015-03-11 07:10:00,20150311_071000_UTC,hmi.Ic_45s,True,0,C:\Learning\PHD2nd\sunspotscar\data\M\20150311_071000_UTC\hmi.Ic_45s,error,<HTTPError 502: 'Failed to open URL: http://jsoc.stanford.edu/cgi-bin/ajax/jsoc_fetch?op=exp_request&format=json&ds=hmi.Ic_45s%5B2015.03.11_06%3A40%3A35_TAI-2015.03.11_07%3A20%3A35_TAI%5D%7Bcontinuum%7D&notify=652024260007%40smail.nju.edu.cn&method=url&protocol=fits&filenamefmt=hmi.ic_45s.%7BT_REC%3AA%7D.%7BCAMERA%7D.%7Bsegment%7D&process%3Dn=0&requester=652024260007 with 502 - Bad Gateway'>
103,2015-03-11 07:10:00,20150311_071000_UTC,hmi.B_720s,True,0,C:\Learning\PHD2nd\sunspotscar\data\M\20150311_071000_UTC\hmi.B_720s,error,<HTTPError 502: 'Failed to open URL: http://jsoc.stanford.edu/cgi-bin/ajax/jsoc_info?op=rs_list&ds=hmi.B_720s%5B2015.03.11_05%3A10%3A35_TAI-2015.03.11_07%3A10%3A35_TAI%5D&key=T_REC with 502 - Bad Gateway'>
104,2015-03-11 07:51:00,20150311_075100_UTC,131,True,0,C:\Learning\PHD2nd\sunspotscar\data\M\20150311_075100_UTC\131,error,<HTTPError 502: 'Failed to open URL: http://jsoc.stanford.edu/cgi-bin/ajax/jsoc_fetch?op=exp_request&format=json&ds=aia.lev1_euv_12s%5B2015.03.11_07%3A21%3A35_TAI-2015.03.11_08%3A01%3A35_TAI%4036s%5D%5B131%5D%7Bimage%7D&notify=652024260007%40smail.nju.edu.cn&method=url&protocol=fits&filenamefmt=aia.lev1_euv_12s.%7BT_REC%3AA%7D.%7BWAVELNTH%7D.%7Bsegment%7D&process%3Dn=0&requester=652024260007 with 502 - Bad Gateway'>
104,2015-03-11 07:51:00,20150311_075100_UTC,211,True,0,C:\Learning\PHD2nd\sunspotscar\data\M\20150311_075100_UTC\211,error,<HTTPError 502: 'Failed to open URL: http://jsoc.stanford.edu/cgi-bin/ajax/jsoc_fetch?op=exp_request&format=json&ds=aia.lev1_euv_12s%5B2015.03.11_07%3A21%3A35_TAI-2015.03.11_08%3A01%3A35_TAI%4036s%5D%5B211%5D%7Bimage%7D&notify=652024260007%40smail.nju.edu.cn&method=url&protocol=fits&filenamefmt=aia.lev1_euv_12s.%7BT_REC%3AA%7D.%7BWAVELNTH%7D.%7Bsegment%7D&process%3Dn=0&requester=652024260007 with 502 - Bad Gateway'>
104,2015-03-11 07:51:00,20150311_075100_UTC,304,True,0,C:\Learning\PHD2nd\sunspotscar\data\M\20150311_075100_UTC\304,error,<HTTPError 502: 'Failed to open URL: http://jsoc.stanford.edu/cgi-bin/ajax/jsoc_fetch?op=exp_request&format=json&ds=aia.lev1_euv_12s%5B2015.03.11_07%3A21%3A35_TAI-2015.03.11_08%3A01%3A35_TAI%4036s%5D%5B304%5D%7Bimage%7D&notify=652024260007%40smail.nju.edu.cn&method=url&protocol=fits&filenamefmt=aia.lev1_euv_12s.%7BT_REC%3AA%7D.%7BWAVELNTH%7D.%7Bsegment%7D&process%3Dn=0&requester=652024260007 with 502 - Bad Gateway'>
104,2015-03-11 07:51:00,20150311_075100_UTC,hmi.Ic_45s,True,0,C:\Learning\PHD2nd\sunspotscar\data\M\20150311_075100_UTC\hmi.Ic_45s,error,<HTTPError 502: 'Failed to open URL: http://jsoc.stanford.edu/cgi-bin/ajax/jsoc_fetch?op=exp_request&format=json&ds=hmi.Ic_45s%5B2015.03.11_07%3A21%3A35_TAI-2015.03.11_08%3A01%3A35_TAI%5D%7Bcontinuum%7D&notify=652024260007%40smail.nju.edu.cn&method=url&protocol=fits&filenamefmt=hmi.ic_45s.%7BT_REC%3AA%7D.%7BCAMERA%7D.%7Bsegment%7D&process%3Dn=0&requester=652024260007 with 502 - Bad Gateway'>
104,2015-03-11 07:51:00,20150311_075100_UTC,hmi.B_720s,True,0,C:\Learning\PHD2nd\sunspotscar\data\M\20150311_075100_UTC\hmi.B_720s,error,<HTTPError 502: 'Failed to open URL: http://jsoc.stanford.edu/cgi-bin/ajax/jsoc_info?op=rs_list&ds=hmi.B_720s%5B2015.03.11_05%3A51%3A35_TAI-2015.03.11_07%3A51%3A35_TAI%5D&key=T_REC with 502 - Bad Gateway'>
105,2015-03-11 18:37:00,20150311_183700_UTC,131,True,0,C:\Learning\PHD2nd\sunspotscar\data\M\20150311_183700_UTC\131,error,<HTTPError 502: 'Failed to open URL: http://jsoc.stanford.edu/cgi-bin/ajax/jsoc_fetch?op=exp_request&format=json&ds=aia.lev1_euv_12s%5B2015.03.11_18%3A07%3A35_TAI-2015.03.11_18%3A47%3A35_TAI%4036s%5D%5B131%5D%7Bimage%7D&notify=652024260007%40smail.nju.edu.cn&method=url&protocol=fits&filenamefmt=aia.lev1_euv_12s.%7BT_REC%3AA%7D.%7BWAVELNTH%7D.%7Bsegment%7D&process%3Dn=0&requester=652024260007 with 502 - Bad Gateway'>
105,2015-03-11 18:37:00,20150311_183700_UTC,211,True,0,C:\Learning\PHD2nd\sunspotscar\data\M\20150311_183700_UTC\211,error,<HTTPError 502: 'Failed to open URL: http://jsoc.stanford.edu/cgi-bin/ajax/jsoc_fetch?op=exp_request&format=json&ds=aia.lev1_euv_12s%5B2015.03.11_18%3A07%3A35_TAI-2015.03.11_18%3A47%3A35_TAI%4036s%5D%5B211%5D%7Bimage%7D&notify=652024260007%40smail.nju.edu.cn&method=url&protocol=fits&filenamefmt=aia.lev1_euv_12s.%7BT_REC%3AA%7D.%7BWAVELNTH%7D.%7Bsegment%7D&process%3Dn=0&requester=652024260007 with 502 - Bad Gateway'>
105,2015-03-11 18:37:00,20150311_183700_UTC,304,True,0,C:\Learning\PHD2nd\sunspotscar\data\M\20150311_183700_UTC\304,error,<HTTPError 502: 'Failed to open URL: http://jsoc.stanford.edu/cgi-bin/ajax/jsoc_fetch?op=exp_request&format=json&ds=aia.lev1_euv_12s%5B2015.03.11_18%3A07%3A35_TAI-2015.03.11_18%3A47%3A35_TAI%4036s%5D%5B304%5D%7Bimage%7D&notify=652024260007%40smail.nju.edu.cn&method=url&protocol=fits&filenamefmt=aia.lev1_euv_12s.%7BT_REC%3AA%7D.%7BWAVELNTH%7D.%7Bsegment%7D&process%3Dn=0&requester=652024260007 with 502 - Bad Gateway'>
105,2015-03-11 18:37:00,20150311_183700_UTC,hmi.Ic_45s,True,0,C:\Learning\PHD2nd\sunspotscar\data\M\20150311_183700_UTC\hmi.Ic_45s,error,<HTTPError 502: 'Failed to open URL: http://jsoc.stanford.edu/cgi-bin/ajax/jsoc_fetch?op=exp_request&format=json&ds=hmi.Ic_45s%5B2015.03.11_18%3A07%3A35_TAI-2015.03.11_18%3A47%3A35_TAI%5D%7Bcontinuum%7D&notify=652024260007%40smail.nju.edu.cn&method=url&protocol=fits&filenamefmt=hmi.ic_45s.%7BT_REC%3AA%7D.%7BCAMERA%7D.%7Bsegment%7D&process%3Dn=0&requester=652024260007 with 502 - Bad Gateway'>
105,2015-03-11 18:37:00,20150311_183700_UTC,hmi.B_720s,True,0,C:\Learning\PHD2nd\sunspotscar\data\M\20150311_183700_UTC\hmi.B_720s,error,<HTTPError 502: 'Failed to open URL: http://jsoc.stanford.edu/cgi-bin/ajax/jsoc_info?op=rs_list&ds=hmi.B_720s%5B2015.03.11_16%3A37%3A35_TAI-2015.03.11_18%3A37%3A35_TAI%5D&key=T_REC with 502 - Bad Gateway'>
106,2015-03-12 04:41:00,20150312_044100_UTC,131,True,0,C:\Learning\PHD2nd\sunspotscar\data\M\20150312_044100_UTC\131,error,<HTTPError 502: 'Failed to open URL: http://jsoc.stanford.edu/cgi-bin/ajax/jsoc_fetch?op=exp_request&format=json&ds=aia.lev1_euv_12s%5B2015.03.12_04%3A11%3A35_TAI-2015.03.12_04%3A51%3A35_TAI%4036s%5D%5B131%5D%7Bimage%7D&notify=652024260007%40smail.nju.edu.cn&method=url&protocol=fits&filenamefmt=aia.lev1_euv_12s.%7BT_REC%3AA%7D.%7BWAVELNTH%7D.%7Bsegment%7D&process%3Dn=0&requester=652024260007 with 502 - Bad Gateway'>
106,2015-03-12 04:41:00,20150312_044100_UTC,211,True,0,C:\Learning\PHD2nd\sunspotscar\data\M\20150312_044100_UTC\211,error,<HTTPError 502: 'Failed to open URL: http://jsoc.stanford.edu/cgi-bin/ajax/jsoc_fetch?op=exp_request&format=json&ds=aia.lev1_euv_12s%5B2015.03.12_04%3A11%3A35_TAI-2015.03.12_04%3A51%3A35_TAI%4036s%5D%5B211%5D%7Bimage%7D&notify=652024260007%40smail.nju.edu.cn&method=url&protocol=fits&filenamefmt=aia.lev1_euv_12s.%7BT_REC%3AA%7D.%7BWAVELNTH%7D.%7Bsegment%7D&process%3Dn=0&requester=652024260007 with 502 - Bad Gateway'>
106,2015-03-12 04:41:00,20150312_044100_UTC,304,True,0,C:\Learning\PHD2nd\sunspotscar\data\M\20150312_044100_UTC\304,error,<HTTPError 502: 'Failed to open URL: http://jsoc.stanford.edu/cgi-bin/ajax/jsoc_fetch?op=exp_request&format=json&ds=aia.lev1_euv_12s%5B2015.03.12_04%3A11%3A35_TAI-2015.03.12_04%3A51%3A35_TAI%4036s%5D%5B304%5D%7Bimage%7D&notify=652024260007%40smail.nju.edu.cn&method=url&protocol=fits&filenamefmt=aia.lev1_euv_12s.%7BT_REC%3AA%7D.%7BWAVELNTH%7D.%7Bsegment%7D&process%3Dn=0&requester=652024260007 with 502 - Bad Gateway'>
106,2015-03-12 04:41:00,20150312_044100_UTC,hmi.Ic_45s,True,0,C:\Learning\PHD2nd\sunspotscar\data\M\20150312_044100_UTC\hmi.Ic_45s,error,<HTTPError 502: 'Failed to open URL: http://jsoc.stanford.edu/cgi-bin/ajax/jsoc_fetch?op=exp_request&format=json&ds=hmi.Ic_45s%5B2015.03.12_04%3A11%3A35_TAI-2015.03.12_04%3A51%3A35_TAI%5D%7Bcontinuum%7D&notify=652024260007%40smail.nju.edu.cn&method=url&protocol=fits&filenamefmt=hmi.ic_45s.%7BT_REC%3AA%7D.%7BCAMERA%7D.%7Bsegment%7D&process%3Dn=0&requester=652024260007 with 502 - Bad Gateway'>
107,2015-03-12 11:38:00,20150312_113800_UTC,131,True,0,C:\Learning\PHD2nd\sunspotscar\data\M\20150312_113800_UTC\131,error,<HTTPError 502: 'Failed to open URL: http://jsoc.stanford.edu/cgi-bin/ajax/jsoc_fetch?op=exp_request&format=json&ds=aia.lev1_euv_12s%5B2015.03.12_11%3A08%3A35_TAI-2015.03.12_11%3A48%3A35_TAI%4036s%5D%5B131%5D%7Bimage%7D&notify=652024260007%40smail.nju.edu.cn&method=url&protocol=fits&filenamefmt=aia.lev1_euv_12s.%7BT_REC%3AA%7D.%7BWAVELNTH%7D.%7Bsegment%7D&process%3Dn=0&requester=652024260007 with 502 - Bad Gateway'>
107,2015-03-12 11:38:00,20150312_113800_UTC,211,True,0,C:\Learning\PHD2nd\sunspotscar\data\M\20150312_113800_UTC\211,error,<HTTPError 502: 'Failed to open URL: http://jsoc.stanford.edu/cgi-bin/ajax/jsoc_fetch?op=exp_request&format=json&ds=aia.lev1_euv_12s%5B2015.03.12_11%3A08%3A35_TAI-2015.03.12_11%3A48%3A35_TAI%4036s%5D%5B211%5D%7Bimage%7D&notify=652024260007%40smail.nju.edu.cn&method=url&protocol=fits&filenamefmt=aia.lev1_euv_12s.%7BT_REC%3AA%7D.%7BWAVELNTH%7D.%7Bsegment%7D&process%3Dn=0&requester=652024260007 with 502 - Bad Gateway'>
107,2015-03-12 11:38:00,20150312_113800_UTC,304,True,0,C:\Learning\PHD2nd\sunspotscar\data\M\20150312_113800_UTC\304,error,<HTTPError 502: 'Failed to open URL: http://jsoc.stanford.edu/cgi-bin/ajax/jsoc_fetch?op=exp_request&format=json&ds=aia.lev1_euv_12s%5B2015.03.12_11%3A08%3A35_TAI-2015.03.12_11%3A48%3A35_TAI%4036s%5D%5B304%5D%7Bimage%7D&notify=652024260007%40smail.nju.edu.cn&method=url&protocol=fits&filenamefmt=aia.lev1_euv_12s.%7BT_REC%3AA%7D.%7BWAVELNTH%7D.%7Bsegment%7D&process%3Dn=0&requester=652024260007 with 502 - Bad Gateway'>
107,2015-03-12 11:38:00,20150312_113800_UTC,hmi.Ic_45s,True,0,C:\Learning\PHD2nd\sunspotscar\data\M\20150312_113800_UTC\hmi.Ic_45s,error,<HTTPError 502: 'Failed to open URL: http://jsoc.stanford.edu/cgi-bin/ajax/jsoc_fetch?op=exp_request&format=json&ds=hmi.Ic_45s%5B2015.03.12_11%3A08%3A35_TAI-2015.03.12_11%3A48%3A35_TAI%5D%7Bcontinuum%7D&notify=652024260007%40smail.nju.edu.cn&method=url&protocol=fits&filenamefmt=hmi.ic_45s.%7BT_REC%3AA%7D.%7BCAMERA%7D.%7Bsegment%7D&process%3Dn=0&requester=652024260007 with 502 - Bad Gateway'>
108,2015-03-12 12:09:00,20150312_120900_UTC,131,True,0,C:\Learning\PHD2nd\sunspotscar\data\M\20150312_120900_UTC\131,error,<HTTPError 502: 'Failed to open URL: http://jsoc.stanford.edu/cgi-bin/ajax/jsoc_fetch?op=exp_request&format=json&ds=aia.lev1_euv_12s%5B2015.03.12_11%3A39%3A35_TAI-2015.03.12_12%3A19%3A35_TAI%4036s%5D%5B131%5D%7Bimage%7D&notify=652024260007%40smail.nju.edu.cn&method=url&protocol=fits&filenamefmt=aia.lev1_euv_12s.%7BT_REC%3AA%7D.%7BWAVELNTH%7D.%7Bsegment%7D&process%3Dn=0&requester=652024260007 with 502 - Bad Gateway'>
108,2015-03-12 12:09:00,20150312_120900_UTC,211,True,0,C:\Learning\PHD2nd\sunspotscar\data\M\20150312_120900_UTC\211,error,<HTTPError 502: 'Failed to open URL: http://jsoc.stanford.edu/cgi-bin/ajax/jsoc_fetch?op=exp_request&format=json&ds=aia.lev1_euv_12s%5B2015.03.12_11%3A39%3A35_TAI-2015.03.12_12%3A19%3A35_TAI%4036s%5D%5B211%5D%7Bimage%7D&notify=652024260007%40smail.nju.edu.cn&method=url&protocol=fits&filenamefmt=aia.lev1_euv_12s.%7BT_REC%3AA%7D.%7BWAVELNTH%7D.%7Bsegment%7D&process%3Dn=0&requester=652024260007 with 502 - Bad Gateway'>
108,2015-03-12 12:09:00,20150312_120900_UTC,304,True,0,C:\Learning\PHD2nd\sunspotscar\data\M\20150312_120900_UTC\304,error,<HTTPError 502: 'Failed to open URL: http://jsoc.stanford.edu/cgi-bin/ajax/jsoc_fetch?op=exp_request&format=json&ds=aia.lev1_euv_12s%5B2015.03.12_11%3A39%3A35_TAI-2015.03.12_12%3A19%3A35_TAI%4036s%5D%5B304%5D%7Bimage%7D&notify=652024260007%40smail.nju.edu.cn&method=url&protocol=fits&filenamefmt=aia.lev1_euv_12s.%7BT_REC%3AA%7D.%7BWAVELNTH%7D.%7Bsegment%7D&process%3Dn=0&requester=652024260007 with 502 - Bad Gateway'>
108,2015-03-12 12:09:00,20150312_120900_UTC,hmi.Ic_45s,True,0,C:\Learning\PHD2nd\sunspotscar\data\M\20150312_120900_UTC\hmi.Ic_45s,error,<HTTPError 502: 'Failed to open URL: http://jsoc.stanford.edu/cgi-bin/ajax/jsoc_fetch?op=exp_request&format=json&ds=hmi.Ic_45s%5B2015.03.12_11%3A39%3A35_TAI-2015.03.12_12%3A19%3A35_TAI%5D%7Bcontinuum%7D&notify=652024260007%40smail.nju.edu.cn&method=url&protocol=fits&filenamefmt=hmi.ic_45s.%7BT_REC%3AA%7D.%7BCAMERA%7D.%7Bsegment%7D&process%3Dn=0&requester=652024260007 with 502 - Bad Gateway'>
109,2015-03-12 13:50:00,20150312_135000_UTC,131,True,0,C:\Learning\PHD2nd\sunspotscar\data\M\20150312_135000_UTC\131,error,<HTTPError 502: 'Failed to open URL: http://jsoc.stanford.edu/cgi-bin/ajax/jsoc_fetch?op=exp_request&format=json&ds=aia.lev1_euv_12s%5B2015.03.12_13%3A20%3A35_TAI-2015.03.12_14%3A00%3A35_TAI%4036s%5D%5B131%5D%7Bimage%7D&notify=652024260007%40smail.nju.edu.cn&method=url&protocol=fits&filenamefmt=aia.lev1_euv_12s.%7BT_REC%3AA%7D.%7BWAVELNTH%7D.%7Bsegment%7D&process%3Dn=0&requester=652024260007 with 502 - Bad Gateway'>
109,2015-03-12 13:50:00,20150312_135000_UTC,211,True,0,C:\Learning\PHD2nd\sunspotscar\data\M\20150312_135000_UTC\211,error,<HTTPError 502: 'Failed to open URL: http://jsoc.stanford.edu/cgi-bin/ajax/jsoc_fetch?op=exp_request&format=json&ds=aia.lev1_euv_12s%5B2015.03.12_13%3A20%3A35_TAI-2015.03.12_14%3A00%3A35_TAI%4036s%5D%5B211%5D%7Bimage%7D&notify=652024260007%40smail.nju.edu.cn&method=url&protocol=fits&filenamefmt=aia.lev1_euv_12s.%7BT_REC%3AA%7D.%7BWAVELNTH%7D.%7Bsegment%7D&process%3Dn=0&requester=652024260007 with 502 - Bad Gateway'>
109,2015-03-12 13:50:00,20150312_135000_UTC,304,True,0,C:\Learning\PHD2nd\sunspotscar\data\M\20150312_135000_UTC\304,error,<HTTPError 502: 'Failed to open URL: http://jsoc.stanford.edu/cgi-bin/ajax/jsoc_fetch?op=exp_request&format=json&ds=aia.lev1_euv_12s%5B2015.03.12_13%3A20%3A35_TAI-2015.03.12_14%3A00%3A35_TAI%4036s%5D%5B304%5D%7Bimage%7D&notify=652024260007%40smail.nju.edu.cn&method=url&protocol=fits&filenamefmt=aia.lev1_euv_12s.%7BT_REC%3AA%7D.%7BWAVELNTH%7D.%7Bsegment%7D&process%3Dn=0&requester=652024260007 with 502 - Bad Gateway'>
109,2015-03-12 13:50:00,20150312_135000_UTC,hmi.Ic_45s,True,0,C:\Learning\PHD2nd\sunspotscar\data\M\20150312_135000_UTC\hmi.Ic_45s,error,<HTTPError 502: 'Failed to open URL: http://jsoc.stanford.edu/cgi-bin/ajax/jsoc_fetch?op=exp_request&format=json&ds=hmi.Ic_45s%5B2015.03.12_13%3A20%3A35_TAI-2015.03.12_14%3A00%3A35_TAI%5D%7Bcontinuum%7D&notify=652024260007%40smail.nju.edu.cn&method=url&protocol=fits&filenamefmt=hmi.ic_45s.%7BT_REC%3AA%7D.%7BCAMERA%7D.%7Bsegment%7D&process%3Dn=0&requester=652024260007 with 502 - Bad Gateway'>
110,2015-03-12 21:44:00,20150312_214400_UTC,131,True,0,C:\Learning\PHD2nd\sunspotscar\data\M\20150312_214400_UTC\131,error,<HTTPError 502: 'Failed to open URL: http://jsoc.stanford.edu/cgi-bin/ajax/jsoc_fetch?op=exp_request&format=json&ds=aia.lev1_euv_12s%5B2015.03.12_21%3A14%3A35_TAI-2015.03.12_21%3A54%3A35_TAI%4036s%5D%5B131%5D%7Bimage%7D&notify=652024260007%40smail.nju.edu.cn&method=url&protocol=fits&filenamefmt=aia.lev1_euv_12s.%7BT_REC%3AA%7D.%7BWAVELNTH%7D.%7Bsegment%7D&process%3Dn=0&requester=652024260007 with 502 - Bad Gateway'>
110,2015-03-12 21:44:00,20150312_214400_UTC,211,True,0,C:\Learning\PHD2nd\sunspotscar\data\M\20150312_214400_UTC\211,error,<HTTPError 502: 'Failed to open URL: http://jsoc.stanford.edu/cgi-bin/ajax/jsoc_fetch?op=exp_request&format=json&ds=aia.lev1_euv_12s%5B2015.03.12_21%3A14%3A35_TAI-2015.03.12_21%3A54%3A35_TAI%4036s%5D%5B211%5D%7Bimage%7D&notify=652024260007%40smail.nju.edu.cn&method=url&protocol=fits&filenamefmt=aia.lev1_euv_12s.%7BT_REC%3AA%7D.%7BWAVELNTH%7D.%7Bsegment%7D&process%3Dn=0&requester=652024260007 with 502 - Bad Gateway'>
110,2015-03-12 21:44:00,20150312_214400_UTC,304,True,0,C:\Learning\PHD2nd\sunspotscar\data\M\20150312_214400_UTC\304,error,<HTTPError 502: 'Failed to open URL: http://jsoc.stanford.edu/cgi-bin/ajax/jsoc_fetch?op=exp_request&format=json&ds=aia.lev1_euv_12s%5B2015.03.12_21%3A14%3A35_TAI-2015.03.12_21%3A54%3A35_TAI%4036s%5D%5B304%5D%7Bimage%7D&notify=652024260007%40smail.nju.edu.cn&method=url&protocol=fits&filenamefmt=aia.lev1_euv_12s.%7BT_REC%3AA%7D.%7BWAVELNTH%7D.%7Bsegment%7D&process%3Dn=0&requester=652024260007 with 502 - Bad Gateway'>
110,2015-03-12 21:44:00,20150312_214400_UTC,hmi.Ic_45s,True,0,C:\Learning\PHD2nd\sunspotscar\data\M\20150312_214400_UTC\hmi.Ic_45s,error,<HTTPError 502: 'Failed to open URL: http://jsoc.stanford.edu/cgi-bin/ajax/jsoc_fetch?op=exp_request&format=json&ds=hmi.Ic_45s%5B2015.03.12_21%3A14%3A35_TAI-2015.03.12_21%3A54%3A35_TAI%5D%7Bcontinuum%7D&notify=652024260007%40smail.nju.edu.cn&method=url&protocol=fits&filenamefmt=hmi.ic_45s.%7BT_REC%3AA%7D.%7BCAMERA%7D.%7Bsegment%7D&process%3Dn=0&requester=652024260007 with 502 - Bad Gateway'>
111,2015-03-13 03:47:00,20150313_034700_UTC,131,True,0,C:\Learning\PHD2nd\sunspotscar\data\M\20150313_034700_UTC\131,error,<HTTPError 502: 'Failed to open URL: http://jsoc.stanford.edu/cgi-bin/ajax/jsoc_fetch?op=exp_request&format=json&ds=aia.lev1_euv_12s%5B2015.03.13_03%3A17%3A35_TAI-2015.03.13_03%3A57%3A35_TAI%4036s%5D%5B131%5D%7Bimage%7D&notify=652024260007%40smail.nju.edu.cn&method=url&protocol=fits&filenamefmt=aia.lev1_euv_12s.%7BT_REC%3AA%7D.%7BWAVELNTH%7D.%7Bsegment%7D&process%3Dn=0&requester=652024260007 with 502 - Bad Gateway'>
111,2015-03-13 03:47:00,20150313_034700_UTC,211,True,0,C:\Learning\PHD2nd\sunspotscar\data\M\20150313_034700_UTC\211,error,<HTTPError 502: 'Failed to open URL: http://jsoc.stanford.edu/cgi-bin/ajax/jsoc_fetch?op=exp_request&format=json&ds=aia.lev1_euv_12s%5B2015.03.13_03%3A17%3A35_TAI-2015.03.13_03%3A57%3A35_TAI%4036s%5D%5B211%5D%7Bimage%7D&notify=652024260007%40smail.nju.edu.cn&method=url&protocol=fits&filenamefmt=aia.lev1_euv_12s.%7BT_REC%3AA%7D.%7BWAVELNTH%7D.%7Bsegment%7D&process%3Dn=0&requester=652024260007 with 502 - Bad Gateway'>
111,2015-03-13 03:47:00,20150313_034700_UTC,304,True,0,C:\Learning\PHD2nd\sunspotscar\data\M\20150313_034700_UTC\304,error,<HTTPError 502: 'Failed to open URL: http://jsoc.stanford.edu/cgi-bin/ajax/jsoc_fetch?op=exp_request&format=json&ds=aia.lev1_euv_12s%5B2015.03.13_03%3A17%3A35_TAI-2015.03.13_03%3A57%3A35_TAI%4036s%5D%5B304%5D%7Bimage%7D&notify=652024260007%40smail.nju.edu.cn&method=url&protocol=fits&filenamefmt=aia.lev1_euv_12s.%7BT_REC%3AA%7D.%7BWAVELNTH%7D.%7Bsegment%7D&process%3Dn=0&requester=652024260007 with 502 - Bad Gateway'>
111,2015-03-13 03:47:00,20150313_034700_UTC,hmi.Ic_45s,True,0,C:\Learning\PHD2nd\sunspotscar\data\M\20150313_034700_UTC\hmi.Ic_45s,error,<HTTPError 502: 'Failed to open URL: http://jsoc.stanford.edu/cgi-bin/ajax/jsoc_fetch?op=exp_request&format=json&ds=hmi.Ic_45s%5B2015.03.13_03%3A17%3A35_TAI-2015.03.13_03%3A57%3A35_TAI%5D%7Bcontinuum%7D&notify=652024260007%40smail.nju.edu.cn&method=url&protocol=fits&filenamefmt=hmi.ic_45s.%7BT_REC%3AA%7D.%7BCAMERA%7D.%7Bsegment%7D&process%3Dn=0&requester=652024260007 with 502 - Bad Gateway'>
112,2015-03-13 05:49:00,20150313_054900_UTC,131,True,0,C:\Learning\PHD2nd\sunspotscar\data\M\20150313_054900_UTC\131,error,<HTTPError 502: 'Failed to open URL: http://jsoc.stanford.edu/cgi-bin/ajax/jsoc_fetch?op=exp_request&format=json&ds=aia.lev1_euv_12s%5B2015.03.13_05%3A19%3A35_TAI-2015.03.13_05%3A59%3A35_TAI%4036s%5D%5B131%5D%7Bimage%7D&notify=652024260007%40smail.nju.edu.cn&method=url&protocol=fits&filenamefmt=aia.lev1_euv_12s.%7BT_REC%3AA%7D.%7BWAVELNTH%7D.%7Bsegment%7D&process%3Dn=0&requester=652024260007 with 502 - Bad Gateway'>
112,2015-03-13 05:49:00,20150313_054900_UTC,211,True,0,C:\Learning\PHD2nd\sunspotscar\data\M\20150313_054900_UTC\211,error,<HTTPError 502: 'Failed to open URL: http://jsoc.stanford.edu/cgi-bin/ajax/jsoc_fetch?op=exp_request&format=json&ds=aia.lev1_euv_12s%5B2015.03.13_05%3A19%3A35_TAI-2015.03.13_05%3A59%3A35_TAI%4036s%5D%5B211%5D%7Bimage%7D&notify=652024260007%40smail.nju.edu.cn&method=url&protocol=fits&filenamefmt=aia.lev1_euv_12s.%7BT_REC%3AA%7D.%7BWAVELNTH%7D.%7Bsegment%7D&process%3Dn=0&requester=652024260007 with 502 - Bad Gateway'>
112,2015-03-13 05:49:00,20150313_054900_UTC,304,True,0,C:\Learning\PHD2nd\sunspotscar\data\M\20150313_054900_UTC\304,error,<HTTPError 502: 'Failed to open URL: http://jsoc.stanford.edu/cgi-bin/ajax/jsoc_fetch?op=exp_request&format=json&ds=aia.lev1_euv_12s%5B2015.03.13_05%3A19%3A35_TAI-2015.03.13_05%3A59%3A35_TAI%4036s%5D%5B304%5D%7Bimage%7D&notify=652024260007%40smail.nju.edu.cn&method=url&protocol=fits&filenamefmt=aia.lev1_euv_12s.%7BT_REC%3AA%7D.%7BWAVELNTH%7D.%7Bsegment%7D&process%3Dn=0&requester=652024260007 with 502 - Bad Gateway'>
112,2015-03-13 05:49:00,20150313_054900_UTC,hmi.Ic_45s,True,0,C:\Learning\PHD2nd\sunspotscar\data\M\20150313_054900_UTC\hmi.Ic_45s,error,<HTTPError 502: 'Failed to open URL: http://jsoc.stanford.edu/cgi-bin/ajax/jsoc_fetch?op=exp_request&format=json&ds=hmi.Ic_45s%5B2015.03.13_05%3A19%3A35_TAI-2015.03.13_05%3A59%3A35_TAI%5D%7Bcontinuum%7D&notify=652024260007%40smail.nju.edu.cn&method=url&protocol=fits&filenamefmt=hmi.ic_45s.%7BT_REC%3AA%7D.%7BCAMERA%7D.%7Bsegment%7D&process%3Dn=0&requester=652024260007 with 502 - Bad Gateway'>
113,2015-03-14 04:23:00,20150314_042300_UTC,131,True,0,C:\Learning\PHD2nd\sunspotscar\data\M\20150314_042300_UTC\131,error,<HTTPError 502: 'Failed to open URL: http://jsoc.stanford.edu/cgi-bin/ajax/jsoc_fetch?op=exp_request&format=json&ds=aia.lev1_euv_12s%5B2015.03.14_03%3A53%3A35_TAI-2015.03.14_04%3A33%3A35_TAI%4036s%5D%5B131%5D%7Bimage%7D&notify=652024260007%40smail.nju.edu.cn&method=url&protocol=fits&filenamefmt=aia.lev1_euv_12s.%7BT_REC%3AA%7D.%7BWAVELNTH%7D.%7Bsegment%7D&process%3Dn=0&requester=652024260007 with 502 - Bad Gateway'>
113,2015-03-14 04:23:00,20150314_042300_UTC,211,True,0,C:\Learning\PHD2nd\sunspotscar\data\M\20150314_042300_UTC\211,error,<HTTPError 502: 'Failed to open URL: http://jsoc.stanford.edu/cgi-bin/ajax/jsoc_fetch?op=exp_request&format=json&ds=aia.lev1_euv_12s%5B2015.03.14_03%3A53%3A35_TAI-2015.03.14_04%3A33%3A35_TAI%4036s%5D%5B211%5D%7Bimage%7D&notify=652024260007%40smail.nju.edu.cn&method=url&protocol=fits&filenamefmt=aia.lev1_euv_12s.%7BT_REC%3AA%7D.%7BWAVELNTH%7D.%7Bsegment%7D&process%3Dn=0&requester=652024260007 with 502 - Bad Gateway'>
113,2015-03-14 04:23:00,20150314_042300_UTC,304,True,0,C:\Learning\PHD2nd\sunspotscar\data\M\20150314_042300_UTC\304,error,<HTTPError 502: 'Failed to open URL: http://jsoc.stanford.edu/cgi-bin/ajax/jsoc_fetch?op=exp_request&format=json&ds=aia.lev1_euv_12s%5B2015.03.14_03%3A53%3A35_TAI-2015.03.14_04%3A33%3A35_TAI%4036s%5D%5B304%5D%7Bimage%7D&notify=652024260007%40smail.nju.edu.cn&method=url&protocol=fits&filenamefmt=aia.lev1_euv_12s.%7BT_REC%3AA%7D.%7BWAVELNTH%7D.%7Bsegment%7D&process%3Dn=0&requester=652024260007 with 502 - Bad Gateway'>
113,2015-03-14 04:23:00,20150314_042300_UTC,hmi.Ic_45s,True,0,C:\Learning\PHD2nd\sunspotscar\data\M\20150314_042300_UTC\hmi.Ic_45s,error,<HTTPError 502: 'Failed to open URL: http://jsoc.stanford.edu/cgi-bin/ajax/jsoc_fetch?op=exp_request&format=json&ds=hmi.Ic_45s%5B2015.03.14_03%3A53%3A35_TAI-2015.03.14_04%3A33%3A35_TAI%5D%7Bcontinuum%7D&notify=652024260007%40smail.nju.edu.cn&method=url&protocol=fits&filenamefmt=hmi.ic_45s.%7BT_REC%3AA%7D.%7BCAMERA%7D.%7Bsegment%7D&process%3Dn=0&requester=652024260007 with 502 - Bad Gateway'>
114,2015-04-08 14:37:00,20150408_143700_UTC,131,True,0,C:\Learning\PHD2nd\sunspotscar\data\M\20150408_143700_UTC\131,error,<HTTPError 502: 'Failed to open URL: http://jsoc.stanford.edu/cgi-bin/ajax/jsoc_fetch?op=exp_request&format=json&ds=aia.lev1_euv_12s%5B2015.04.08_14%3A07%3A35_TAI-2015.04.08_14%3A47%3A35_TAI%4036s%5D%5B131%5D%7Bimage%7D&notify=652024260007%40smail.nju.edu.cn&method=url&protocol=fits&filenamefmt=aia.lev1_euv_12s.%7BT_REC%3AA%7D.%7BWAVELNTH%7D.%7Bsegment%7D&process%3Dn=0&requester=652024260007 with 502 - Bad Gateway'>
114,2015-04-08 14:37:00,20150408_143700_UTC,211,True,0,C:\Learning\PHD2nd\sunspotscar\data\M\20150408_143700_UTC\211,error,<HTTPError 502: 'Failed to open URL: http://jsoc.stanford.edu/cgi-bin/ajax/jsoc_fetch?op=exp_request&format=json&ds=aia.lev1_euv_12s%5B2015.04.08_14%3A07%3A35_TAI-2015.04.08_14%3A47%3A35_TAI%4036s%5D%5B211%5D%7Bimage%7D&notify=652024260007%40smail.nju.edu.cn&method=url&protocol=fits&filenamefmt=aia.lev1_euv_12s.%7BT_REC%3AA%7D.%7BWAVELNTH%7D.%7Bsegment%7D&process%3Dn=0&requester=652024260007 with 502 - Bad Gateway'>
114,2015-04-08 14:37:00,20150408_143700_UTC,304,True,0,C:\Learning\PHD2nd\sunspotscar\data\M\20150408_143700_UTC\304,error,<HTTPError 502: 'Failed to open URL: http://jsoc.stanford.edu/cgi-bin/ajax/jsoc_fetch?op=exp_request&format=json&ds=aia.lev1_euv_12s%5B2015.04.08_14%3A07%3A35_TAI-2015.04.08_14%3A47%3A35_TAI%4036s%5D%5B304%5D%7Bimage%7D&notify=652024260007%40smail.nju.edu.cn&method=url&protocol=fits&filenamefmt=aia.lev1_euv_12s.%7BT_REC%3AA%7D.%7BWAVELNTH%7D.%7Bsegment%7D&process%3Dn=0&requester=652024260007 with 502 - Bad Gateway'>
114,2015-04-08 14:37:00,20150408_143700_UTC,hmi.Ic_45s,True,0,C:\Learning\PHD2nd\sunspotscar\data\M\20150408_143700_UTC\hmi.Ic_45s,error,<HTTPError 502: 'Failed to open URL: http://jsoc.stanford.edu/cgi-bin/ajax/jsoc_fetch?op=exp_request&format=json&ds=hmi.Ic_45s%5B2015.04.08_14%3A07%3A35_TAI-2015.04.08_14%3A47%3A35_TAI%5D%7Bcontinuum%7D&notify=652024260007%40smail.nju.edu.cn&method=url&protocol=fits&filenamefmt=hmi.ic_45s.%7BT_REC%3AA%7D.%7BCAMERA%7D.%7Bsegment%7D&process%3Dn=0&requester=652024260007 with 502 - Bad Gateway'>
115,2015-04-21 21:58:00,20150421_215800_UTC,131,True,0,C:\Learning\PHD2nd\sunspotscar\data\M\20150421_215800_UTC\131,error,<HTTPError 502: 'Failed to open URL: http://jsoc.stanford.edu/cgi-bin/ajax/jsoc_fetch?op=exp_request&format=json&ds=aia.lev1_euv_12s%5B2015.04.21_21%3A28%3A35_TAI-2015.04.21_22%3A08%3A35_TAI%4036s%5D%5B131%5D%7Bimage%7D&notify=652024260007%40smail.nju.edu.cn&method=url&protocol=fits&filenamefmt=aia.lev1_euv_12s.%7BT_REC%3AA%7D.%7BWAVELNTH%7D.%7Bsegment%7D&process%3Dn=0&requester=652024260007 with 502 - Bad Gateway'>
115,2015-04-21 21:58:00,20150421_215800_UTC,211,True,0,C:\Learning\PHD2nd\sunspotscar\data\M\20150421_215800_UTC\211,error,<HTTPError 502: 'Failed to open URL: http://jsoc.stanford.edu/cgi-bin/ajax/jsoc_fetch?op=exp_request&format=json&ds=aia.lev1_euv_12s%5B2015.04.21_21%3A28%3A35_TAI-2015.04.21_22%3A08%3A35_TAI%4036s%5D%5B211%5D%7Bimage%7D&notify=652024260007%40smail.nju.edu.cn&method=url&protocol=fits&filenamefmt=aia.lev1_euv_12s.%7BT_REC%3AA%7D.%7BWAVELNTH%7D.%7Bsegment%7D&process%3Dn=0&requester=652024260007 with 502 - Bad Gateway'>
115,2015-04-21 21:58:00,20150421_215800_UTC,304,True,0,C:\Learning\PHD2nd\sunspotscar\data\M\20150421_215800_UTC\304,error,<HTTPError 502: 'Failed to open URL: http://jsoc.stanford.edu/cgi-bin/ajax/jsoc_fetch?op=exp_request&format=json&ds=aia.lev1_euv_12s%5B2015.04.21_21%3A28%3A35_TAI-2015.04.21_22%3A08%3A35_TAI%4036s%5D%5B304%5D%7Bimage%7D&notify=652024260007%40smail.nju.edu.cn&method=url&protocol=fits&filenamefmt=aia.lev1_euv_12s.%7BT_REC%3AA%7D.%7BWAVELNTH%7D.%7Bsegment%7D&process%3Dn=0&requester=652024260007 with 502 - Bad Gateway'>
115,2015-04-21 21:58:00,20150421_215800_UTC,hmi.Ic_45s,True,0,C:\Learning\PHD2nd\sunspotscar\data\M\20150421_215800_UTC\hmi.Ic_45s,error,<HTTPError 502: 'Failed to open URL: http://jsoc.stanford.edu/cgi-bin/ajax/jsoc_fetch?op=exp_request&format=json&ds=hmi.Ic_45s%5B2015.04.21_21%3A28%3A35_TAI-2015.04.21_22%3A08%3A35_TAI%5D%7Bcontinuum%7D&notify=652024260007%40smail.nju.edu.cn&method=url&protocol=fits&filenamefmt=hmi.ic_45s.%7BT_REC%3AA%7D.%7BCAMERA%7D.%7Bsegment%7D&process%3Dn=0&requester=652024260007 with 502 - Bad Gateway'>
116,2015-05-05 14:19:00,20150505_141900_UTC,131,True,0,C:\Learning\PHD2nd\sunspotscar\data\M\20150505_141900_UTC\131,error,<HTTPError 502: 'Failed to open URL: http://jsoc.stanford.edu/cgi-bin/ajax/jsoc_fetch?op=exp_request&format=json&ds=aia.lev1_euv_12s%5B2015.05.05_13%3A49%3A35_TAI-2015.05.05_14%3A29%3A35_TAI%4036s%5D%5B131%5D%7Bimage%7D&notify=652024260007%40smail.nju.edu.cn&method=url&protocol=fits&filenamefmt=aia.lev1_euv_12s.%7BT_REC%3AA%7D.%7BWAVELNTH%7D.%7Bsegment%7D&process%3Dn=0&requester=652024260007 with 502 - Bad Gateway'>
116,2015-05-05 14:19:00,20150505_141900_UTC,211,True,0,C:\Learning\PHD2nd\sunspotscar\data\M\20150505_141900_UTC\211,error,<HTTPError 502: 'Failed to open URL: http://jsoc.stanford.edu/cgi-bin/ajax/jsoc_fetch?op=exp_request&format=json&ds=aia.lev1_euv_12s%5B2015.05.05_13%3A49%3A35_TAI-2015.05.05_14%3A29%3A35_TAI%4036s%5D%5B211%5D%7Bimage%7D&notify=652024260007%40smail.nju.edu.cn&method=url&protocol=fits&filenamefmt=aia.lev1_euv_12s.%7BT_REC%3AA%7D.%7BWAVELNTH%7D.%7Bsegment%7D&process%3Dn=0&requester=652024260007 with 502 - Bad Gateway'>
116,2015-05-05 14:19:00,20150505_141900_UTC,304,True,0,C:\Learning\PHD2nd\sunspotscar\data\M\20150505_141900_UTC\304,error,<HTTPError 502: 'Failed to open URL: http://jsoc.stanford.edu/cgi-bin/ajax/jsoc_fetch?op=exp_request&format=json&ds=aia.lev1_euv_12s%5B2015.05.05_13%3A49%3A35_TAI-2015.05.05_14%3A29%3A35_TAI%4036s%5D%5B304%5D%7Bimage%7D&notify=652024260007%40smail.nju.edu.cn&method=url&protocol=fits&filenamefmt=aia.lev1_euv_12s.%7BT_REC%3AA%7D.%7BWAVELNTH%7D.%7Bsegment%7D&process%3Dn=0&requester=652024260007 with 502 - Bad Gateway'>
116,2015-05-05 14:19:00,20150505_141900_UTC,hmi.Ic_45s,True,0,C:\Learning\PHD2nd\sunspotscar\data\M\20150505_141900_UTC\hmi.Ic_45s,error,<HTTPError 502: 'Failed to open URL: http://jsoc.stanford.edu/cgi-bin/ajax/jsoc_fetch?op=exp_request&format=json&ds=hmi.Ic_45s%5B2015.05.05_13%3A49%3A35_TAI-2015.05.05_14%3A29%3A35_TAI%5D%7Bcontinuum%7D&notify=652024260007%40smail.nju.edu.cn&method=url&protocol=fits&filenamefmt=hmi.ic_45s.%7BT_REC%3AA%7D.%7BCAMERA%7D.%7Bsegment%7D&process%3Dn=0&requester=652024260007 with 502 - Bad Gateway'>
117,2015-05-05 17:12:00,20150505_171200_UTC,131,True,0,C:\Learning\PHD2nd\sunspotscar\data\M\20150505_171200_UTC\131,error,<HTTPError 502: 'Failed to open URL: http://jsoc.stanford.edu/cgi-bin/ajax/jsoc_fetch?op=exp_request&format=json&ds=aia.lev1_euv_12s%5B2015.05.05_16%3A42%3A35_TAI-2015.05.05_17%3A22%3A35_TAI%4036s%5D%5B131%5D%7Bimage%7D&notify=652024260007%40smail.nju.edu.cn&method=url&protocol=fits&filenamefmt=aia.lev1_euv_12s.%7BT_REC%3AA%7D.%7BWAVELNTH%7D.%7Bsegment%7D&process%3Dn=0&requester=652024260007 with 502 - Bad Gateway'>
117,2015-05-05 17:12:00,20150505_171200_UTC,211,True,0,C:\Learning\PHD2nd\sunspotscar\data\M\20150505_171200_UTC\211,error,<HTTPError 502: 'Failed to open URL: http://jsoc.stanford.edu/cgi-bin/ajax/jsoc_fetch?op=exp_request&format=json&ds=aia.lev1_euv_12s%5B2015.05.05_16%3A42%3A35_TAI-2015.05.05_17%3A22%3A35_TAI%4036s%5D%5B211%5D%7Bimage%7D&notify=652024260007%40smail.nju.edu.cn&method=url&protocol=fits&filenamefmt=aia.lev1_euv_12s.%7BT_REC%3AA%7D.%7BWAVELNTH%7D.%7Bsegment%7D&process%3Dn=0&requester=652024260007 with 502 - Bad Gateway'>
117,2015-05-05 17:12:00,20150505_171200_UTC,304,True,0,C:\Learning\PHD2nd\sunspotscar\data\M\20150505_171200_UTC\304,error,<HTTPError 502: 'Failed to open URL: http://jsoc.stanford.edu/cgi-bin/ajax/jsoc_fetch?op=exp_request&format=json&ds=aia.lev1_euv_12s%5B2015.05.05_16%3A42%3A35_TAI-2015.05.05_17%3A22%3A35_TAI%4036s%5D%5B304%5D%7Bimage%7D&notify=652024260007%40smail.nju.edu.cn&method=url&protocol=fits&filenamefmt=aia.lev1_euv_12s.%7BT_REC%3AA%7D.%7BWAVELNTH%7D.%7Bsegment%7D&process%3Dn=0&requester=652024260007 with 502 - Bad Gateway'>
117,2015-05-05 17:12:00,20150505_171200_UTC,hmi.Ic_45s,True,0,C:\Learning\PHD2nd\sunspotscar\data\M\20150505_171200_UTC\hmi.Ic_45s,error,<HTTPError 502: 'Failed to open URL: http://jsoc.stanford.edu/cgi-bin/ajax/jsoc_fetch?op=exp_request&format=json&ds=hmi.Ic_45s%5B2015.05.05_16%3A42%3A35_TAI-2015.05.05_17%3A22%3A35_TAI%5D%7Bcontinuum%7D&notify=652024260007%40smail.nju.edu.cn&method=url&protocol=fits&filenamefmt=hmi.ic_45s.%7BT_REC%3AA%7D.%7BCAMERA%7D.%7Bsegment%7D&process%3Dn=0&requester=652024260007 with 502 - Bad Gateway'>
118,2015-06-20 06:28:00,20150620_062800_UTC,131,True,0,C:\Learning\PHD2nd\sunspotscar\data\M\20150620_062800_UTC\131,error,<HTTPError 502: 'Failed to open URL: http://jsoc.stanford.edu/cgi-bin/ajax/jsoc_fetch?op=exp_request&format=json&ds=aia.lev1_euv_12s%5B2015.06.20_05%3A58%3A35_TAI-2015.06.20_06%3A38%3A35_TAI%4036s%5D%5B131%5D%7Bimage%7D&notify=652024260007%40smail.nju.edu.cn&method=url&protocol=fits&filenamefmt=aia.lev1_euv_12s.%7BT_REC%3AA%7D.%7BWAVELNTH%7D.%7Bsegment%7D&process%3Dn=0&requester=652024260007 with 502 - Bad Gateway'>
118,2015-06-20 06:28:00,20150620_062800_UTC,211,True,0,C:\Learning\PHD2nd\sunspotscar\data\M\20150620_062800_UTC\211,error,<HTTPError 502: 'Failed to open URL: http://jsoc.stanford.edu/cgi-bin/ajax/jsoc_fetch?op=exp_request&format=json&ds=aia.lev1_euv_12s%5B2015.06.20_05%3A58%3A35_TAI-2015.06.20_06%3A38%3A35_TAI%4036s%5D%5B211%5D%7Bimage%7D&notify=652024260007%40smail.nju.edu.cn&method=url&protocol=fits&filenamefmt=aia.lev1_euv_12s.%7BT_REC%3AA%7D.%7BWAVELNTH%7D.%7Bsegment%7D&process%3Dn=0&requester=652024260007 with 502 - Bad Gateway'>
118,2015-06-20 06:28:00,20150620_062800_UTC,304,True,0,C:\Learning\PHD2nd\sunspotscar\data\M\20150620_062800_UTC\304,error,<HTTPError 502: 'Failed to open URL: http://jsoc.stanford.edu/cgi-bin/ajax/jsoc_fetch?op=exp_request&format=json&ds=aia.lev1_euv_12s%5B2015.06.20_05%3A58%3A35_TAI-2015.06.20_06%3A38%3A35_TAI%4036s%5D%5B304%5D%7Bimage%7D&notify=652024260007%40smail.nju.edu.cn&method=url&protocol=fits&filenamefmt=aia.lev1_euv_12s.%7BT_REC%3AA%7D.%7BWAVELNTH%7D.%7Bsegment%7D&process%3Dn=0&requester=652024260007 with 502 - Bad Gateway'>
118,2015-06-20 06:28:00,20150620_062800_UTC,hmi.Ic_45s,True,0,C:\Learning\PHD2nd\sunspotscar\data\M\20150620_062800_UTC\hmi.Ic_45s,error,<HTTPError 502: 'Failed to open URL: http://jsoc.stanford.edu/cgi-bin/ajax/jsoc_fetch?op=exp_request&format=json&ds=hmi.Ic_45s%5B2015.06.20_05%3A58%3A35_TAI-2015.06.20_06%3A38%3A35_TAI%5D%7Bcontinuum%7D&notify=652024260007%40smail.nju.edu.cn&method=url&protocol=fits&filenamefmt=hmi.ic_45s.%7BT_REC%3AA%7D.%7BCAMERA%7D.%7Bsegment%7D&process%3Dn=0&requester=652024260007 with 502 - Bad Gateway'>
119,2015-06-21 01:02:00,20150621_010200_UTC,131,True,0,C:\Learning\PHD2nd\sunspotscar\data\M\20150621_010200_UTC\131,error,<HTTPError 502: 'Failed to open URL: http://jsoc.stanford.edu/cgi-bin/ajax/jsoc_fetch?op=exp_request&format=json&ds=aia.lev1_euv_12s%5B2015.06.21_00%3A32%3A35_TAI-2015.06.21_01%3A12%3A35_TAI%4036s%5D%5B131%5D%7Bimage%7D&notify=652024260007%40smail.nju.edu.cn&method=url&protocol=fits&filenamefmt=aia.lev1_euv_12s.%7BT_REC%3AA%7D.%7BWAVELNTH%7D.%7Bsegment%7D&process%3Dn=0&requester=652024260007 with 502 - Bad Gateway'>
119,2015-06-21 01:02:00,20150621_010200_UTC,211,True,0,C:\Learning\PHD2nd\sunspotscar\data\M\20150621_010200_UTC\211,error,<HTTPError 502: 'Failed to open URL: http://jsoc.stanford.edu/cgi-bin/ajax/jsoc_fetch?op=exp_request&format=json&ds=aia.lev1_euv_12s%5B2015.06.21_00%3A32%3A35_TAI-2015.06.21_01%3A12%3A35_TAI%4036s%5D%5B211%5D%7Bimage%7D&notify=652024260007%40smail.nju.edu.cn&method=url&protocol=fits&filenamefmt=aia.lev1_euv_12s.%7BT_REC%3AA%7D.%7BWAVELNTH%7D.%7Bsegment%7D&process%3Dn=0&requester=652024260007 with 502 - Bad Gateway'>
119,2015-06-21 01:02:00,20150621_010200_UTC,304,True,0,C:\Learning\PHD2nd\sunspotscar\data\M\20150621_010200_UTC\304,error,<HTTPError 502: 'Failed to open URL: http://jsoc.stanford.edu/cgi-bin/ajax/jsoc_fetch?op=exp_request&format=json&ds=aia.lev1_euv_12s%5B2015.06.21_00%3A32%3A35_TAI-2015.06.21_01%3A12%3A35_TAI%4036s%5D%5B304%5D%7Bimage%7D&notify=652024260007%40smail.nju.edu.cn&method=url&protocol=fits&filenamefmt=aia.lev1_euv_12s.%7BT_REC%3AA%7D.%7BWAVELNTH%7D.%7Bsegment%7D&process%3Dn=0&requester=652024260007 with 502 - Bad Gateway'>
119,2015-06-21 01:02:00,20150621_010200_UTC,hmi.Ic_45s,True,0,C:\Learning\PHD2nd\sunspotscar\data\M\20150621_010200_UTC\hmi.Ic_45s,error,<HTTPError 502: 'Failed to open URL: http://jsoc.stanford.edu/cgi-bin/ajax/jsoc_fetch?op=exp_request&format=json&ds=hmi.Ic_45s%5B2015.06.21_00%3A32%3A35_TAI-2015.06.21_01%3A12%3A35_TAI%5D%7Bcontinuum%7D&notify=652024260007%40smail.nju.edu.cn&method=url&protocol=fits&filenamefmt=hmi.ic_45s.%7BT_REC%3AA%7D.%7BCAMERA%7D.%7Bsegment%7D&process%3Dn=0&requester=652024260007 with 502 - Bad Gateway'>
120,2015-06-21 02:06:00,20150621_020600_UTC,131,True,0,C:\Learning\PHD2nd\sunspotscar\data\M\20150621_020600_UTC\131,error,<HTTPError 502: 'Failed to open URL: http://jsoc.stanford.edu/cgi-bin/ajax/jsoc_fetch?op=exp_request&format=json&ds=aia.lev1_euv_12s%5B2015.06.21_01%3A36%3A35_TAI-2015.06.21_02%3A16%3A35_TAI%4036s%5D%5B131%5D%7Bimage%7D&notify=652024260007%40smail.nju.edu.cn&method=url&protocol=fits&filenamefmt=aia.lev1_euv_12s.%7BT_REC%3AA%7D.%7BWAVELNTH%7D.%7Bsegment%7D&process%3Dn=0&requester=652024260007 with 502 - Bad Gateway'>
120,2015-06-21 02:06:00,20150621_020600_UTC,211,True,0,C:\Learning\PHD2nd\sunspotscar\data\M\20150621_020600_UTC\211,error,<HTTPError 502: 'Failed to open URL: http://jsoc.stanford.edu/cgi-bin/ajax/jsoc_fetch?op=exp_request&format=json&ds=aia.lev1_euv_12s%5B2015.06.21_01%3A36%3A35_TAI-2015.06.21_02%3A16%3A35_TAI%4036s%5D%5B211%5D%7Bimage%7D&notify=652024260007%40smail.nju.edu.cn&method=url&protocol=fits&filenamefmt=aia.lev1_euv_12s.%7BT_REC%3AA%7D.%7BWAVELNTH%7D.%7Bsegment%7D&process%3Dn=0&requester=652024260007 with 502 - Bad Gateway'>
120,2015-06-21 02:06:00,20150621_020600_UTC,304,True,0,C:\Learning\PHD2nd\sunspotscar\data\M\20150621_020600_UTC\304,error,<HTTPError 502: 'Failed to open URL: http://jsoc.stanford.edu/cgi-bin/ajax/jsoc_fetch?op=exp_request&format=json&ds=aia.lev1_euv_12s%5B2015.06.21_01%3A36%3A35_TAI-2015.06.21_02%3A16%3A35_TAI%4036s%5D%5B304%5D%7Bimage%7D&notify=652024260007%40smail.nju.edu.cn&method=url&protocol=fits&filenamefmt=aia.lev1_euv_12s.%7BT_REC%3AA%7D.%7BWAVELNTH%7D.%7Bsegment%7D&process%3Dn=0&requester=652024260007 with 502 - Bad Gateway'>
120,2015-06-21 02:06:00,20150621_020600_UTC,hmi.Ic_45s,True,0,C:\Learning\PHD2nd\sunspotscar\data\M\20150621_020600_UTC\hmi.Ic_45s,error,<HTTPError 502: 'Failed to open URL: http://jsoc.stanford.edu/cgi-bin/ajax/jsoc_fetch?op=exp_request&format=json&ds=hmi.Ic_45s%5B2015.06.21_01%3A36%3A35_TAI-2015.06.21_02%3A16%3A35_TAI%5D%7Bcontinuum%7D&notify=652024260007%40smail.nju.edu.cn&method=url&protocol=fits&filenamefmt=hmi.ic_45s.%7BT_REC%3AA%7D.%7BCAMERA%7D.%7Bsegment%7D&process%3Dn=0&requester=652024260007 with 502 - Bad Gateway'>
121,2015-06-22 17:39:00,20150622_173900_UTC,131,True,0,C:\Learning\PHD2nd\sunspotscar\data\M\20150622_173900_UTC\131,error,<HTTPError 502: 'Failed to open URL: http://jsoc.stanford.edu/cgi-bin/ajax/jsoc_fetch?op=exp_request&format=json&ds=aia.lev1_euv_12s%5B2015.06.22_17%3A09%3A35_TAI-2015.06.22_17%3A49%3A35_TAI%4036s%5D%5B131%5D%7Bimage%7D&notify=652024260007%40smail.nju.edu.cn&method=url&protocol=fits&filenamefmt=aia.lev1_euv_12s.%7BT_REC%3AA%7D.%7BWAVELNTH%7D.%7Bsegment%7D&process%3Dn=0&requester=652024260007 with 502 - Bad Gateway'>
121,2015-06-22 17:39:00,20150622_173900_UTC,211,True,0,C:\Learning\PHD2nd\sunspotscar\data\M\20150622_173900_UTC\211,error,<HTTPError 502: 'Failed to open URL: http://jsoc.stanford.edu/cgi-bin/ajax/jsoc_fetch?op=exp_request&format=json&ds=aia.lev1_euv_12s%5B2015.06.22_17%3A09%3A35_TAI-2015.06.22_17%3A49%3A35_TAI%4036s%5D%5B211%5D%7Bimage%7D&notify=652024260007%40smail.nju.edu.cn&method=url&protocol=fits&filenamefmt=aia.lev1_euv_12s.%7BT_REC%3AA%7D.%7BWAVELNTH%7D.%7Bsegment%7D&process%3Dn=0&requester=652024260007 with 502 - Bad Gateway'>
121,2015-06-22 17:39:00,20150622_173900_UTC,304,True,0,C:\Learning\PHD2nd\sunspotscar\data\M\20150622_173900_UTC\304,error,<HTTPError 502: 'Failed to open URL: http://jsoc.stanford.edu/cgi-bin/ajax/jsoc_fetch?op=exp_request&format=json&ds=aia.lev1_euv_12s%5B2015.06.22_17%3A09%3A35_TAI-2015.06.22_17%3A49%3A35_TAI%4036s%5D%5B304%5D%7Bimage%7D&notify=652024260007%40smail.nju.edu.cn&method=url&protocol=fits&filenamefmt=aia.lev1_euv_12s.%7BT_REC%3AA%7D.%7BWAVELNTH%7D.%7Bsegment%7D&process%3Dn=0&requester=652024260007 with 502 - Bad Gateway'>
121,2015-06-22 17:39:00,20150622_173900_UTC,hmi.Ic_45s,True,0,C:\Learning\PHD2nd\sunspotscar\data\M\20150622_173900_UTC\hmi.Ic_45s,error,<HTTPError 502: 'Failed to open URL: http://jsoc.stanford.edu/cgi-bin/ajax/jsoc_fetch?op=exp_request&format=json&ds=hmi.Ic_45s%5B2015.06.22_17%3A09%3A35_TAI-2015.06.22_17%3A49%3A35_TAI%5D%7Bcontinuum%7D&notify=652024260007%40smail.nju.edu.cn&method=url&protocol=fits&filenamefmt=hmi.ic_45s.%7BT_REC%3AA%7D.%7BCAMERA%7D.%7Bsegment%7D&process%3Dn=0&requester=652024260007 with 502 - Bad Gateway'>
122,2015-08-22 06:39:00,20150822_063900_UTC,131,True,0,C:\Learning\PHD2nd\sunspotscar\data\M\20150822_063900_UTC\131,error,<HTTPError 502: 'Failed to open URL: http://jsoc.stanford.edu/cgi-bin/ajax/jsoc_fetch?op=exp_request&format=json&ds=aia.lev1_euv_12s%5B2015.08.22_06%3A09%3A36_TAI-2015.08.22_06%3A49%3A36_TAI%4036s%5D%5B131%5D%7Bimage%7D&notify=652024260007%40smail.nju.edu.cn&method=url&protocol=fits&filenamefmt=aia.lev1_euv_12s.%7BT_REC%3AA%7D.%7BWAVELNTH%7D.%7Bsegment%7D&process%3Dn=0&requester=652024260007 with 502 - Bad Gateway'>
122,2015-08-22 06:39:00,20150822_063900_UTC,211,True,0,C:\Learning\PHD2nd\sunspotscar\data\M\20150822_063900_UTC\211,error,<HTTPError 502: 'Failed to open URL: http://jsoc.stanford.edu/cgi-bin/ajax/jsoc_fetch?op=exp_request&format=json&ds=aia.lev1_euv_12s%5B2015.08.22_06%3A09%3A36_TAI-2015.08.22_06%3A49%3A36_TAI%4036s%5D%5B211%5D%7Bimage%7D&notify=652024260007%40smail.nju.edu.cn&method=url&protocol=fits&filenamefmt=aia.lev1_euv_12s.%7BT_REC%3AA%7D.%7BWAVELNTH%7D.%7Bsegment%7D&process%3Dn=0&requester=652024260007 with 502 - Bad Gateway'>
122,2015-08-22 06:39:00,20150822_063900_UTC,304,True,0,C:\Learning\PHD2nd\sunspotscar\data\M\20150822_063900_UTC\304,error,<HTTPError 502: 'Failed to open URL: http://jsoc.stanford.edu/cgi-bin/ajax/jsoc_fetch?op=exp_request&format=json&ds=aia.lev1_euv_12s%5B2015.08.22_06%3A09%3A36_TAI-2015.08.22_06%3A49%3A36_TAI%4036s%5D%5B304%5D%7Bimage%7D&notify=652024260007%40smail.nju.edu.cn&method=url&protocol=fits&filenamefmt=aia.lev1_euv_12s.%7BT_REC%3AA%7D.%7BWAVELNTH%7D.%7Bsegment%7D&process%3Dn=0&requester=652024260007 with 502 - Bad Gateway'>
122,2015-08-22 06:39:00,20150822_063900_UTC,hmi.Ic_45s,True,0,C:\Learning\PHD2nd\sunspotscar\data\M\20150822_063900_UTC\hmi.Ic_45s,error,<HTTPError 502: 'Failed to open URL: http://jsoc.stanford.edu/cgi-bin/ajax/jsoc_fetch?op=exp_request&format=json&ds=hmi.Ic_45s%5B2015.08.22_06%3A09%3A36_TAI-2015.08.22_06%3A49%3A36_TAI%5D%7Bcontinuum%7D&notify=652024260007%40smail.nju.edu.cn&method=url&protocol=fits&filenamefmt=hmi.ic_45s.%7BT_REC%3AA%7D.%7BCAMERA%7D.%7Bsegment%7D&process%3Dn=0&requester=652024260007 with 502 - Bad Gateway'>
123,2015-08-22 21:19:00,20150822_211900_UTC,131,True,0,C:\Learning\PHD2nd\sunspotscar\data\M\20150822_211900_UTC\131,error,<HTTPError 502: 'Failed to open URL: http://jsoc.stanford.edu/cgi-bin/ajax/jsoc_fetch?op=exp_request&format=json&ds=aia.lev1_euv_12s%5B2015.08.22_20%3A49%3A36_TAI-2015.08.22_21%3A29%3A36_TAI%4036s%5D%5B131%5D%7Bimage%7D&notify=652024260007%40smail.nju.edu.cn&method=url&protocol=fits&filenamefmt=aia.lev1_euv_12s.%7BT_REC%3AA%7D.%7BWAVELNTH%7D.%7Bsegment%7D&process%3Dn=0&requester=652024260007 with 502 - Bad Gateway'>
123,2015-08-22 21:19:00,20150822_211900_UTC,211,True,0,C:\Learning\PHD2nd\sunspotscar\data\M\20150822_211900_UTC\211,error,<HTTPError 502: 'Failed to open URL: http://jsoc.stanford.edu/cgi-bin/ajax/jsoc_fetch?op=exp_request&format=json&ds=aia.lev1_euv_12s%5B2015.08.22_20%3A49%3A36_TAI-2015.08.22_21%3A29%3A36_TAI%4036s%5D%5B211%5D%7Bimage%7D&notify=652024260007%40smail.nju.edu.cn&method=url&protocol=fits&filenamefmt=aia.lev1_euv_12s.%7BT_REC%3AA%7D.%7BWAVELNTH%7D.%7Bsegment%7D&process%3Dn=0&requester=652024260007 with 502 - Bad Gateway'>
123,2015-08-22 21:19:00,20150822_211900_UTC,304,True,0,C:\Learning\PHD2nd\sunspotscar\data\M\20150822_211900_UTC\304,error,<HTTPError 502: 'Failed to open URL: http://jsoc.stanford.edu/cgi-bin/ajax/jsoc_fetch?op=exp_request&format=json&ds=aia.lev1_euv_12s%5B2015.08.22_20%3A49%3A36_TAI-2015.08.22_21%3A29%3A36_TAI%4036s%5D%5B304%5D%7Bimage%7D&notify=652024260007%40smail.nju.edu.cn&method=url&protocol=fits&filenamefmt=aia.lev1_euv_12s.%7BT_REC%3AA%7D.%7BWAVELNTH%7D.%7Bsegment%7D&process%3Dn=0&requester=652024260007 with 502 - Bad Gateway'>
123,2015-08-22 21:19:00,20150822_211900_UTC,hmi.Ic_45s,True,0,C:\Learning\PHD2nd\sunspotscar\data\M\20150822_211900_UTC\hmi.Ic_45s,error,<HTTPError 502: 'Failed to open URL: http://jsoc.stanford.edu/cgi-bin/ajax/jsoc_fetch?op=exp_request&format=json&ds=hmi.Ic_45s%5B2015.08.22_20%3A49%3A36_TAI-2015.08.22_21%3A29%3A36_TAI%5D%7Bcontinuum%7D&notify=652024260007%40smail.nju.edu.cn&method=url&protocol=fits&filenamefmt=hmi.ic_45s.%7BT_REC%3AA%7D.%7BCAMERA%7D.%7Bsegment%7D&process%3Dn=0&requester=652024260007 with 502 - Bad Gateway'>
124,2015-08-24 07:26:00,20150824_072600_UTC,131,True,0,C:\Learning\PHD2nd\sunspotscar\data\M\20150824_072600_UTC\131,error,<HTTPError 502: 'Failed to open URL: http://jsoc.stanford.edu/cgi-bin/ajax/jsoc_fetch?op=exp_request&format=json&ds=aia.lev1_euv_12s%5B2015.08.24_06%3A56%3A36_TAI-2015.08.24_07%3A36%3A36_TAI%4036s%5D%5B131%5D%7Bimage%7D&notify=652024260007%40smail.nju.edu.cn&method=url&protocol=fits&filenamefmt=aia.lev1_euv_12s.%7BT_REC%3AA%7D.%7BWAVELNTH%7D.%7Bsegment%7D&process%3Dn=0&requester=652024260007 with 502 - Bad Gateway'>
124,2015-08-24 07:26:00,20150824_072600_UTC,211,True,0,C:\Learning\PHD2nd\sunspotscar\data\M\20150824_072600_UTC\211,error,<HTTPError 502: 'Failed to open URL: http://jsoc.stanford.edu/cgi-bin/ajax/jsoc_fetch?op=exp_request&format=json&ds=aia.lev1_euv_12s%5B2015.08.24_06%3A56%3A36_TAI-2015.08.24_07%3A36%3A36_TAI%4036s%5D%5B211%5D%7Bimage%7D&notify=652024260007%40smail.nju.edu.cn&method=url&protocol=fits&filenamefmt=aia.lev1_euv_12s.%7BT_REC%3AA%7D.%7BWAVELNTH%7D.%7Bsegment%7D&process%3Dn=0&requester=652024260007 with 502 - Bad Gateway'>
124,2015-08-24 07:26:00,20150824_072600_UTC,304,True,0,C:\Learning\PHD2nd\sunspotscar\data\M\20150824_072600_UTC\304,error,<HTTPError 502: 'Failed to open URL: http://jsoc.stanford.edu/cgi-bin/ajax/jsoc_fetch?op=exp_request&format=json&ds=aia.lev1_euv_12s%5B2015.08.24_06%3A56%3A36_TAI-2015.08.24_07%3A36%3A36_TAI%4036s%5D%5B304%5D%7Bimage%7D&notify=652024260007%40smail.nju.edu.cn&method=url&protocol=fits&filenamefmt=aia.lev1_euv_12s.%7BT_REC%3AA%7D.%7BWAVELNTH%7D.%7Bsegment%7D&process%3Dn=0&requester=652024260007 with 502 - Bad Gateway'>
124,2015-08-24 07:26:00,20150824_072600_UTC,hmi.Ic_45s,True,0,C:\Learning\PHD2nd\sunspotscar\data\M\20150824_072600_UTC\hmi.Ic_45s,error,<HTTPError 502: 'Failed to open URL: http://jsoc.stanford.edu/cgi-bin/ajax/jsoc_fetch?op=exp_request&format=json&ds=hmi.Ic_45s%5B2015.08.24_06%3A56%3A36_TAI-2015.08.24_07%3A36%3A36_TAI%5D%7Bcontinuum%7D&notify=652024260007%40smail.nju.edu.cn&method=url&protocol=fits&filenamefmt=hmi.ic_45s.%7BT_REC%3AA%7D.%7BCAMERA%7D.%7Bsegment%7D&process%3Dn=0&requester=652024260007 with 502 - Bad Gateway'>
125,2015-08-24 17:40:00,20150824_174000_UTC,131,True,0,C:\Learning\PHD2nd\sunspotscar\data\M\20150824_174000_UTC\131,error,<HTTPError 502: 'Failed to open URL: http://jsoc.stanford.edu/cgi-bin/ajax/jsoc_fetch?op=exp_request&format=json&ds=aia.lev1_euv_12s%5B2015.08.24_17%3A10%3A36_TAI-2015.08.24_17%3A50%3A36_TAI%4036s%5D%5B131%5D%7Bimage%7D&notify=652024260007%40smail.nju.edu.cn&method=url&protocol=fits&filenamefmt=aia.lev1_euv_12s.%7BT_REC%3AA%7D.%7BWAVELNTH%7D.%7Bsegment%7D&process%3Dn=0&requester=652024260007 with 502 - Bad Gateway'>
125,2015-08-24 17:40:00,20150824_174000_UTC,211,True,0,C:\Learning\PHD2nd\sunspotscar\data\M\20150824_174000_UTC\211,error,<HTTPError 502: 'Failed to open URL: http://jsoc.stanford.edu/cgi-bin/ajax/jsoc_fetch?op=exp_request&format=json&ds=aia.lev1_euv_12s%5B2015.08.24_17%3A10%3A36_TAI-2015.08.24_17%3A50%3A36_TAI%4036s%5D%5B211%5D%7Bimage%7D&notify=652024260007%40smail.nju.edu.cn&method=url&protocol=fits&filenamefmt=aia.lev1_euv_12s.%7BT_REC%3AA%7D.%7BWAVELNTH%7D.%7Bsegment%7D&process%3Dn=0&requester=652024260007 with 502 - Bad Gateway'>
125,2015-08-24 17:40:00,20150824_174000_UTC,304,True,0,C:\Learning\PHD2nd\sunspotscar\data\M\20150824_174000_UTC\304,error,<HTTPError 502: 'Failed to open URL: http://jsoc.stanford.edu/cgi-bin/ajax/jsoc_fetch?op=exp_request&format=json&ds=aia.lev1_euv_12s%5B2015.08.24_17%3A10%3A36_TAI-2015.08.24_17%3A50%3A36_TAI%4036s%5D%5B304%5D%7Bimage%7D&notify=652024260007%40smail.nju.edu.cn&method=url&protocol=fits&filenamefmt=aia.lev1_euv_12s.%7BT_REC%3AA%7D.%7BWAVELNTH%7D.%7Bsegment%7D&process%3Dn=0&requester=652024260007 with 502 - Bad Gateway'>
125,2015-08-24 17:40:00,20150824_174000_UTC,hmi.Ic_45s,True,0,C:\Learning\PHD2nd\sunspotscar\data\M\20150824_174000_UTC\hmi.Ic_45s,error,<HTTPError 502: 'Failed to open URL: http://jsoc.stanford.edu/cgi-bin/ajax/jsoc_fetch?op=exp_request&format=json&ds=hmi.Ic_45s%5B2015.08.24_17%3A10%3A36_TAI-2015.08.24_17%3A50%3A36_TAI%5D%7Bcontinuum%7D&notify=652024260007%40smail.nju.edu.cn&method=url&protocol=fits&filenamefmt=hmi.ic_45s.%7BT_REC%3AA%7D.%7BCAMERA%7D.%7Bsegment%7D&process%3Dn=0&requester=652024260007 with 502 - Bad Gateway'>
126,2015-09-17 09:34:00,20150917_093400_UTC,131,True,0,C:\Learning\PHD2nd\sunspotscar\data\M\20150917_093400_UTC\131,error,<HTTPError 502: 'Failed to open URL: http://jsoc.stanford.edu/cgi-bin/ajax/jsoc_fetch?op=exp_request&format=json&ds=aia.lev1_euv_12s%5B2015.09.17_09%3A04%3A36_TAI-2015.09.17_09%3A44%3A36_TAI%4036s%5D%5B131%5D%7Bimage%7D&notify=652024260007%40smail.nju.edu.cn&method=url&protocol=fits&filenamefmt=aia.lev1_euv_12s.%7BT_REC%3AA%7D.%7BWAVELNTH%7D.%7Bsegment%7D&process%3Dn=0&requester=652024260007 with 502 - Bad Gateway'>
126,2015-09-17 09:34:00,20150917_093400_UTC,211,True,0,C:\Learning\PHD2nd\sunspotscar\data\M\20150917_093400_UTC\211,error,<HTTPError 502: 'Failed to open URL: http://jsoc.stanford.edu/cgi-bin/ajax/jsoc_fetch?op=exp_request&format=json&ds=aia.lev1_euv_12s%5B2015.09.17_09%3A04%3A36_TAI-2015.09.17_09%3A44%3A36_TAI%4036s%5D%5B211%5D%7Bimage%7D&notify=652024260007%40smail.nju.edu.cn&method=url&protocol=fits&filenamefmt=aia.lev1_euv_12s.%7BT_REC%3AA%7D.%7BWAVELNTH%7D.%7Bsegment%7D&process%3Dn=0&requester=652024260007 with 502 - Bad Gateway'>
126,2015-09-17 09:34:00,20150917_093400_UTC,304,True,0,C:\Learning\PHD2nd\sunspotscar\data\M\20150917_093400_UTC\304,error,<HTTPError 502: 'Failed to open URL: http://jsoc.stanford.edu/cgi-bin/ajax/jsoc_fetch?op=exp_request&format=json&ds=aia.lev1_euv_12s%5B2015.09.17_09%3A04%3A36_TAI-2015.09.17_09%3A44%3A36_TAI%4036s%5D%5B304%5D%7Bimage%7D&notify=652024260007%40smail.nju.edu.cn&method=url&protocol=fits&filenamefmt=aia.lev1_euv_12s.%7BT_REC%3AA%7D.%7BWAVELNTH%7D.%7Bsegment%7D&process%3Dn=0&requester=652024260007 with 502 - Bad Gateway'>
126,2015-09-17 09:34:00,20150917_093400_UTC,hmi.Ic_45s,True,0,C:\Learning\PHD2nd\sunspotscar\data\M\20150917_093400_UTC\hmi.Ic_45s,error,<HTTPError 502: 'Failed to open URL: http://jsoc.stanford.edu/cgi-bin/ajax/jsoc_fetch?op=exp_request&format=json&ds=hmi.Ic_45s%5B2015.09.17_09%3A04%3A36_TAI-2015.09.17_09%3A44%3A36_TAI%5D%7Bcontinuum%7D&notify=652024260007%40smail.nju.edu.cn&method=url&protocol=fits&filenamefmt=hmi.ic_45s.%7BT_REC%3AA%7D.%7BCAMERA%7D.%7Bsegment%7D&process%3Dn=0&requester=652024260007 with 502 - Bad Gateway'>
127,2015-09-27 10:20:00,20150927_102000_UTC,131,True,0,C:\Learning\PHD2nd\sunspotscar\data\M\20150927_102000_UTC\131,error,<HTTPError 502: 'Failed to open URL: http://jsoc.stanford.edu/cgi-bin/ajax/jsoc_fetch?op=exp_request&format=json&ds=aia.lev1_euv_12s%5B2015.09.27_09%3A50%3A36_TAI-2015.09.27_10%3A30%3A36_TAI%4036s%5D%5B131%5D%7Bimage%7D&notify=652024260007%40smail.nju.edu.cn&method=url&protocol=fits&filenamefmt=aia.lev1_euv_12s.%7BT_REC%3AA%7D.%7BWAVELNTH%7D.%7Bsegment%7D&process%3Dn=0&requester=652024260007 with 502 - Bad Gateway'>
127,2015-09-27 10:20:00,20150927_102000_UTC,211,True,0,C:\Learning\PHD2nd\sunspotscar\data\M\20150927_102000_UTC\211,error,<HTTPError 502: 'Failed to open URL: http://jsoc.stanford.edu/cgi-bin/ajax/jsoc_fetch?op=exp_request&format=json&ds=aia.lev1_euv_12s%5B2015.09.27_09%3A50%3A36_TAI-2015.09.27_10%3A30%3A36_TAI%4036s%5D%5B211%5D%7Bimage%7D&notify=652024260007%40smail.nju.edu.cn&method=url&protocol=fits&filenamefmt=aia.lev1_euv_12s.%7BT_REC%3AA%7D.%7BWAVELNTH%7D.%7Bsegment%7D&process%3Dn=0&requester=652024260007 with 502 - Bad Gateway'>
127,2015-09-27 10:20:00,20150927_102000_UTC,304,True,0,C:\Learning\PHD2nd\sunspotscar\data\M\20150927_102000_UTC\304,error,<HTTPError 502: 'Failed to open URL: http://jsoc.stanford.edu/cgi-bin/ajax/jsoc_fetch?op=exp_request&format=json&ds=aia.lev1_euv_12s%5B2015.09.27_09%3A50%3A36_TAI-2015.09.27_10%3A30%3A36_TAI%4036s%5D%5B304%5D%7Bimage%7D&notify=652024260007%40smail.nju.edu.cn&method=url&protocol=fits&filenamefmt=aia.lev1_euv_12s.%7BT_REC%3AA%7D.%7BWAVELNTH%7D.%7Bsegment%7D&process%3Dn=0&requester=652024260007 with 502 - Bad Gateway'>
127,2015-09-27 10:20:00,20150927_102000_UTC,hmi.Ic_45s,True,0,C:\Learning\PHD2nd\sunspotscar\data\M\20150927_102000_UTC\hmi.Ic_45s,error,<HTTPError 502: 'Failed to open URL: http://jsoc.stanford.edu/cgi-bin/ajax/jsoc_fetch?op=exp_request&format=json&ds=hmi.Ic_45s%5B2015.09.27_09%3A50%3A36_TAI-2015.09.27_10%3A30%3A36_TAI%5D%7Bcontinuum%7D&notify=652024260007%40smail.nju.edu.cn&method=url&protocol=fits&filenamefmt=hmi.ic_45s.%7BT_REC%3AA%7D.%7BCAMERA%7D.%7Bsegment%7D&process%3Dn=0&requester=652024260007 with 502 - Bad Gateway'>
128,2015-09-27 20:54:00,20150927_205400_UTC,131,True,0,C:\Learning\PHD2nd\sunspotscar\data\M\20150927_205400_UTC\131,error,<HTTPError 502: 'Failed to open URL: http://jsoc.stanford.edu/cgi-bin/ajax/jsoc_fetch?op=exp_request&format=json&ds=aia.lev1_euv_12s%5B2015.09.27_20%3A24%3A36_TAI-2015.09.27_21%3A04%3A36_TAI%4036s%5D%5B131%5D%7Bimage%7D&notify=652024260007%40smail.nju.edu.cn&method=url&protocol=fits&filenamefmt=aia.lev1_euv_12s.%7BT_REC%3AA%7D.%7BWAVELNTH%7D.%7Bsegment%7D&process%3Dn=0&requester=652024260007 with 502 - Bad Gateway'>
128,2015-09-27 20:54:00,20150927_205400_UTC,211,True,0,C:\Learning\PHD2nd\sunspotscar\data\M\20150927_205400_UTC\211,error,<HTTPError 502: 'Failed to open URL: http://jsoc.stanford.edu/cgi-bin/ajax/jsoc_fetch?op=exp_request&format=json&ds=aia.lev1_euv_12s%5B2015.09.27_20%3A24%3A36_TAI-2015.09.27_21%3A04%3A36_TAI%4036s%5D%5B211%5D%7Bimage%7D&notify=652024260007%40smail.nju.edu.cn&method=url&protocol=fits&filenamefmt=aia.lev1_euv_12s.%7BT_REC%3AA%7D.%7BWAVELNTH%7D.%7Bsegment%7D&process%3Dn=0&requester=652024260007 with 502 - Bad Gateway'>
128,2015-09-27 20:54:00,20150927_205400_UTC,304,True,0,C:\Learning\PHD2nd\sunspotscar\data\M\20150927_205400_UTC\304,error,<HTTPError 502: 'Failed to open URL: http://jsoc.stanford.edu/cgi-bin/ajax/jsoc_fetch?op=exp_request&format=json&ds=aia.lev1_euv_12s%5B2015.09.27_20%3A24%3A36_TAI-2015.09.27_21%3A04%3A36_TAI%4036s%5D%5B304%5D%7Bimage%7D&notify=652024260007%40smail.nju.edu.cn&method=url&protocol=fits&filenamefmt=aia.lev1_euv_12s.%7BT_REC%3AA%7D.%7BWAVELNTH%7D.%7Bsegment%7D&process%3Dn=0&requester=652024260007 with 502 - Bad Gateway'>
128,2015-09-27 20:54:00,20150927_205400_UTC,hmi.Ic_45s,True,0,C:\Learning\PHD2nd\sunspotscar\data\M\20150927_205400_UTC\hmi.Ic_45s,error,<HTTPError 502: 'Failed to open URL: http://jsoc.stanford.edu/cgi-bin/ajax/jsoc_fetch?op=exp_request&format=json&ds=hmi.Ic_45s%5B2015.09.27_20%3A24%3A36_TAI-2015.09.27_21%3A04%3A36_TAI%5D%7Bcontinuum%7D&notify=652024260007%40smail.nju.edu.cn&method=url&protocol=fits&filenamefmt=hmi.ic_45s.%7BT_REC%3AA%7D.%7BCAMERA%7D.%7Bsegment%7D&process%3Dn=0&requester=652024260007 with 502 - Bad Gateway'>
129,2015-09-28 07:27:00,20150928_072700_UTC,131,True,0,C:\Learning\PHD2nd\sunspotscar\data\M\20150928_072700_UTC\131,error,<HTTPError 502: 'Failed to open URL: http://jsoc.stanford.edu/cgi-bin/ajax/jsoc_fetch?op=exp_request&format=json&ds=aia.lev1_euv_12s%5B2015.09.28_06%3A57%3A36_TAI-2015.09.28_07%3A37%3A36_TAI%4036s%5D%5B131%5D%7Bimage%7D&notify=652024260007%40smail.nju.edu.cn&method=url&protocol=fits&filenamefmt=aia.lev1_euv_12s.%7BT_REC%3AA%7D.%7BWAVELNTH%7D.%7Bsegment%7D&process%3Dn=0&requester=652024260007 with 502 - Bad Gateway'>
129,2015-09-28 07:27:00,20150928_072700_UTC,211,True,0,C:\Learning\PHD2nd\sunspotscar\data\M\20150928_072700_UTC\211,error,<HTTPError 502: 'Failed to open URL: http://jsoc.stanford.edu/cgi-bin/ajax/jsoc_fetch?op=exp_request&format=json&ds=aia.lev1_euv_12s%5B2015.09.28_06%3A57%3A36_TAI-2015.09.28_07%3A37%3A36_TAI%4036s%5D%5B211%5D%7Bimage%7D&notify=652024260007%40smail.nju.edu.cn&method=url&protocol=fits&filenamefmt=aia.lev1_euv_12s.%7BT_REC%3AA%7D.%7BWAVELNTH%7D.%7Bsegment%7D&process%3Dn=0&requester=652024260007 with 502 - Bad Gateway'>
129,2015-09-28 07:27:00,20150928_072700_UTC,304,True,0,C:\Learning\PHD2nd\sunspotscar\data\M\20150928_072700_UTC\304,error,<HTTPError 502: 'Failed to open URL: http://jsoc.stanford.edu/cgi-bin/ajax/jsoc_fetch?op=exp_request&format=json&ds=aia.lev1_euv_12s%5B2015.09.28_06%3A57%3A36_TAI-2015.09.28_07%3A37%3A36_TAI%4036s%5D%5B304%5D%7Bimage%7D&notify=652024260007%40smail.nju.edu.cn&method=url&protocol=fits&filenamefmt=aia.lev1_euv_12s.%7BT_REC%3AA%7D.%7BWAVELNTH%7D.%7Bsegment%7D&process%3Dn=0&requester=652024260007 with 502 - Bad Gateway'>
129,2015-09-28 07:27:00,20150928_072700_UTC,hmi.Ic_45s,True,0,C:\Learning\PHD2nd\sunspotscar\data\M\20150928_072700_UTC\hmi.Ic_45s,error,<HTTPError 502: 'Failed to open URL: http://jsoc.stanford.edu/cgi-bin/ajax/jsoc_fetch?op=exp_request&format=json&ds=hmi.Ic_45s%5B2015.09.28_06%3A57%3A36_TAI-2015.09.28_07%3A37%3A36_TAI%5D%7Bcontinuum%7D&notify=652024260007%40smail.nju.edu.cn&method=url&protocol=fits&filenamefmt=hmi.ic_45s.%7BT_REC%3AA%7D.%7BCAMERA%7D.%7Bsegment%7D&process%3Dn=0&requester=652024260007 with 502 - Bad Gateway'>
130,2015-11-04 13:31:00,20151104_133100_UTC,131,True,0,C:\Learning\PHD2nd\sunspotscar\data\M\20151104_133100_UTC\131,error,<HTTPError 502: 'Failed to open URL: http://jsoc.stanford.edu/cgi-bin/ajax/jsoc_fetch?op=exp_request&format=json&ds=aia.lev1_euv_12s%5B2015.11.04_13%3A01%3A36_TAI-2015.11.04_13%3A41%3A36_TAI%4036s%5D%5B131%5D%7Bimage%7D&notify=652024260007%40smail.nju.edu.cn&method=url&protocol=fits&filenamefmt=aia.lev1_euv_12s.%7BT_REC%3AA%7D.%7BWAVELNTH%7D.%7Bsegment%7D&process%3Dn=0&requester=652024260007 with 502 - Bad Gateway'>
130,2015-11-04 13:31:00,20151104_133100_UTC,211,True,0,C:\Learning\PHD2nd\sunspotscar\data\M\20151104_133100_UTC\211,error,<HTTPError 502: 'Failed to open URL: http://jsoc.stanford.edu/cgi-bin/ajax/jsoc_fetch?op=exp_request&format=json&ds=aia.lev1_euv_12s%5B2015.11.04_13%3A01%3A36_TAI-2015.11.04_13%3A41%3A36_TAI%4036s%5D%5B211%5D%7Bimage%7D&notify=652024260007%40smail.nju.edu.cn&method=url&protocol=fits&filenamefmt=aia.lev1_euv_12s.%7BT_REC%3AA%7D.%7BWAVELNTH%7D.%7Bsegment%7D&process%3Dn=0&requester=652024260007 with 502 - Bad Gateway'>
130,2015-11-04 13:31:00,20151104_133100_UTC,304,True,0,C:\Learning\PHD2nd\sunspotscar\data\M\20151104_133100_UTC\304,error,<HTTPError 502: 'Failed to open URL: http://jsoc.stanford.edu/cgi-bin/ajax/jsoc_fetch?op=exp_request&format=json&ds=aia.lev1_euv_12s%5B2015.11.04_13%3A01%3A36_TAI-2015.11.04_13%3A41%3A36_TAI%4036s%5D%5B304%5D%7Bimage%7D&notify=652024260007%40smail.nju.edu.cn&method=url&protocol=fits&filenamefmt=aia.lev1_euv_12s.%7BT_REC%3AA%7D.%7BWAVELNTH%7D.%7Bsegment%7D&process%3Dn=0&requester=652024260007 with 502 - Bad Gateway'>
130,2015-11-04 13:31:00,20151104_133100_UTC,hmi.Ic_45s,True,0,C:\Learning\PHD2nd\sunspotscar\data\M\20151104_133100_UTC\hmi.Ic_45s,error,<HTTPError 502: 'Failed to open URL: http://jsoc.stanford.edu/cgi-bin/ajax/jsoc_fetch?op=exp_request&format=json&ds=hmi.Ic_45s%5B2015.11.04_13%3A01%3A36_TAI-2015.11.04_13%3A41%3A36_TAI%5D%7Bcontinuum%7D&notify=652024260007%40smail.nju.edu.cn&method=url&protocol=fits&filenamefmt=hmi.ic_45s.%7BT_REC%3AA%7D.%7BCAMERA%7D.%7Bsegment%7D&process%3Dn=0&requester=652024260007 with 502 - Bad Gateway'>
131,2015-12-28 11:20:00,20151228_112000_UTC,131,True,0,C:\Learning\PHD2nd\sunspotscar\data\M\20151228_112000_UTC\131,error,<HTTPError 502: 'Failed to open URL: http://jsoc.stanford.edu/cgi-bin/ajax/jsoc_fetch?op=exp_request&format=json&ds=aia.lev1_euv_12s%5B2015.12.28_10%3A50%3A36_TAI-2015.12.28_11%3A30%3A36_TAI%4036s%5D%5B131%5D%7Bimage%7D&notify=652024260007%40smail.nju.edu.cn&method=url&protocol=fits&filenamefmt=aia.lev1_euv_12s.%7BT_REC%3AA%7D.%7BWAVELNTH%7D.%7Bsegment%7D&process%3Dn=0&requester=652024260007 with 502 - Bad Gateway'>
131,2015-12-28 11:20:00,20151228_112000_UTC,211,True,0,C:\Learning\PHD2nd\sunspotscar\data\M\20151228_112000_UTC\211,error,<HTTPError 502: 'Failed to open URL: http://jsoc.stanford.edu/cgi-bin/ajax/jsoc_fetch?op=exp_request&format=json&ds=aia.lev1_euv_12s%5B2015.12.28_10%3A50%3A36_TAI-2015.12.28_11%3A30%3A36_TAI%4036s%5D%5B211%5D%7Bimage%7D&notify=652024260007%40smail.nju.edu.cn&method=url&protocol=fits&filenamefmt=aia.lev1_euv_12s.%7BT_REC%3AA%7D.%7BWAVELNTH%7D.%7Bsegment%7D&process%3Dn=0&requester=652024260007 with 502 - Bad Gateway'>
131,2015-12-28 11:20:00,20151228_112000_UTC,304,True,0,C:\Learning\PHD2nd\sunspotscar\data\M\20151228_112000_UTC\304,error,<HTTPError 502: 'Failed to open URL: http://jsoc.stanford.edu/cgi-bin/ajax/jsoc_fetch?op=exp_request&format=json&ds=aia.lev1_euv_12s%5B2015.12.28_10%3A50%3A36_TAI-2015.12.28_11%3A30%3A36_TAI%4036s%5D%5B304%5D%7Bimage%7D&notify=652024260007%40smail.nju.edu.cn&method=url&protocol=fits&filenamefmt=aia.lev1_euv_12s.%7BT_REC%3AA%7D.%7BWAVELNTH%7D.%7Bsegment%7D&process%3Dn=0&requester=652024260007 with 502 - Bad Gateway'>
131,2015-12-28 11:20:00,20151228_112000_UTC,hmi.Ic_45s,True,0,C:\Learning\PHD2nd\sunspotscar\data\M\20151228_112000_UTC\hmi.Ic_45s,error,<HTTPError 502: 'Failed to open URL: http://jsoc.stanford.edu/cgi-bin/ajax/jsoc_fetch?op=exp_request&format=json&ds=hmi.Ic_45s%5B2015.12.28_10%3A50%3A36_TAI-2015.12.28_11%3A30%3A36_TAI%5D%7Bcontinuum%7D&notify=652024260007%40smail.nju.edu.cn&method=url&protocol=fits&filenamefmt=hmi.ic_45s.%7BT_REC%3AA%7D.%7BCAMERA%7D.%7Bsegment%7D&process%3Dn=0&requester=652024260007 with 502 - Bad Gateway'>
132,2016-02-12 10:36:00,20160212_103600_UTC,131,True,0,C:\Learning\PHD2nd\sunspotscar\data\M\20160212_103600_UTC\131,error,<HTTPError 502: 'Failed to open URL: http://jsoc.stanford.edu/cgi-bin/ajax/jsoc_fetch?op=exp_request&format=json&ds=aia.lev1_euv_12s%5B2016.02.12_10%3A06%3A36_TAI-2016.02.12_10%3A46%3A36_TAI%4036s%5D%5B131%5D%7Bimage%7D&notify=652024260007%40smail.nju.edu.cn&method=url&protocol=fits&filenamefmt=aia.lev1_euv_12s.%7BT_REC%3AA%7D.%7BWAVELNTH%7D.%7Bsegment%7D&process%3Dn=0&requester=652024260007 with 502 - Bad Gateway'>
132,2016-02-12 10:36:00,20160212_103600_UTC,211,True,0,C:\Learning\PHD2nd\sunspotscar\data\M\20160212_103600_UTC\211,error,<HTTPError 502: 'Failed to open URL: http://jsoc.stanford.edu/cgi-bin/ajax/jsoc_fetch?op=exp_request&format=json&ds=aia.lev1_euv_12s%5B2016.02.12_10%3A06%3A36_TAI-2016.02.12_10%3A46%3A36_TAI%4036s%5D%5B211%5D%7Bimage%7D&notify=652024260007%40smail.nju.edu.cn&method=url&protocol=fits&filenamefmt=aia.lev1_euv_12s.%7BT_REC%3AA%7D.%7BWAVELNTH%7D.%7Bsegment%7D&process%3Dn=0&requester=652024260007 with 502 - Bad Gateway'>
132,2016-02-12 10:36:00,20160212_103600_UTC,304,True,0,C:\Learning\PHD2nd\sunspotscar\data\M\20160212_103600_UTC\304,error,<HTTPError 502: 'Failed to open URL: http://jsoc.stanford.edu/cgi-bin/ajax/jsoc_fetch?op=exp_request&format=json&ds=aia.lev1_euv_12s%5B2016.02.12_10%3A06%3A36_TAI-2016.02.12_10%3A46%3A36_TAI%4036s%5D%5B304%5D%7Bimage%7D&notify=652024260007%40smail.nju.edu.cn&method=url&protocol=fits&filenamefmt=aia.lev1_euv_12s.%7BT_REC%3AA%7D.%7BWAVELNTH%7D.%7Bsegment%7D&process%3Dn=0&requester=652024260007 with 502 - Bad Gateway'>
132,2016-02-12 10:36:00,20160212_103600_UTC,hmi.Ic_45s,True,0,C:\Learning\PHD2nd\sunspotscar\data\M\20160212_103600_UTC\hmi.Ic_45s,error,<HTTPError 502: 'Failed to open URL: http://jsoc.stanford.edu/cgi-bin/ajax/jsoc_fetch?op=exp_request&format=json&ds=hmi.Ic_45s%5B2016.02.12_10%3A06%3A36_TAI-2016.02.12_10%3A46%3A36_TAI%5D%7Bcontinuum%7D&notify=652024260007%40smail.nju.edu.cn&method=url&protocol=fits&filenamefmt=hmi.ic_45s.%7BT_REC%3AA%7D.%7BCAMERA%7D.%7Bsegment%7D&process%3Dn=0&requester=652024260007 with 502 - Bad Gateway'>
